-- phpMyAdmin SQL Dump
-- version 5.2.1
-- https://www.phpmyadmin.net/
--
-- Host: localhost
-- Generation Time: Sep 10, 2024 at 02:51 PM
-- Server version: 10.6.18-MariaDB-0ubuntu0.22.04.1
-- PHP Version: 8.1.2-1ubuntu2.18

SET SQL_MODE = "NO_AUTO_VALUE_ON_ZERO";
START TRANSACTION;
SET time_zone = "+00:00";


/*!40101 SET @OLD_CHARACTER_SET_CLIENT=@@CHARACTER_SET_CLIENT */;
/*!40101 SET @OLD_CHARACTER_SET_RESULTS=@@CHARACTER_SET_RESULTS */;
/*!40101 SET @OLD_COLLATION_CONNECTION=@@COLLATION_CONNECTION */;
/*!40101 SET NAMES utf8mb4 */;

--
-- Database: `sut`
--

DELIMITER $$
--
-- Procedures
--
$$

DELIMITER ;

-- --------------------------------------------------------

--
-- Table structure for table `cattle`
--

CREATE TABLE `cattle` (
  `id` int(11) NOT NULL,
  `ear_tag_number` varchar(100) NOT NULL,
  `rfid_number` varchar(100) NOT NULL,
  `nick_name` varchar(100) NOT NULL,
  `date_of_birth` date NOT NULL,
  `type_id` int(11) DEFAULT NULL,
  `death_date` date DEFAULT NULL,
  `explanation` text DEFAULT NULL,
  `photo` varchar(200) DEFAULT NULL,
  `mother_tag_number` varchar(20) DEFAULT NULL,
  `mother_type_id` int(11) DEFAULT NULL,
  `father_tag_number` varchar(20) DEFAULT NULL,
  `father_type_id` int(11) DEFAULT NULL
) ENGINE=InnoDB DEFAULT CHARSET=utf8mb4 COLLATE=utf8mb4_general_ci;

--
-- Dumping data for table `cattle`
--

INSERT INTO `cattle` (`id`, `ear_tag_number`, `rfid_number`, `nick_name`, `date_of_birth`, `type_id`, `death_date`, `explanation`, `photo`, `mother_tag_number`, `mother_type_id`, `father_tag_number`, `father_type_id`) VALUES
(1, 'TR680001331563', 'ES2020-0001', 'Bahar', '2011-09-10', 3, NULL, NULL, '', NULL, NULL, NULL, NULL),
(2, 'TR680001331564', 'ES2020-0002', 'Kadem', '2021-02-22', 8, NULL, NULL, 'assets/img/photo/istockphoto-494552844-256x256.jpg', NULL, NULL, NULL, NULL),
(3, 'TR680001331565', 'ES2020-0003', 'Cihan', '2011-08-26', 5, NULL, NULL, '', NULL, NULL, NULL, NULL),
(4, 'TR680013315668', 'ES2020-0004', 'Ay', '2010-10-25', 1, NULL, NULL, '', NULL, NULL, NULL, NULL),
(5, 'TR680001331510', 'ES2020-0005', 'Farfara', '2022-02-15', 6, NULL, NULL, 'assets/img/photo/IMG-20240620-WA0026.jpg', NULL, NULL, NULL, NULL),
(6, 'TR680001331573', 'ES2020-0006', 'Kahve', '2016-03-04', 8, NULL, NULL, 'assets/img/photo/IMG-20240620-WA0015.jpg', NULL, NULL, NULL, NULL),
(7, 'TR680001331569', 'ES2020-0007', 'Civcile', '2017-06-26', 5, NULL, NULL, 'assets/img/photo/indir.jpeg', NULL, NULL, NULL, NULL),
(8, 'TR680003315760', 'ES2020-0008', 'Kuyruksuz', '2015-11-29', 9, NULL, NULL, '', NULL, NULL, NULL, NULL),
(9, 'TR680001425913', 'ES2020-0009', 'Aykız', '2017-02-04', 2, NULL, NULL, '', NULL, NULL, NULL, NULL),
(10, 'TR680001425914', 'ES2020-0010', 'Baydar', '2014-10-01', 3, NULL, NULL, 'assets/img/photo/IMG-20240620-WA0027.jpg', NULL, NULL, NULL, NULL),
(11, 'TR680001425915', 'ES2020-0011', 'Fındık', '2012-06-14', 6, NULL, NULL, 'assets/img/photo/IMG-20240620-WA0035.jpg', NULL, NULL, NULL, NULL),
(12, 'TR680001425916', 'ES2020-0012', 'Benek', '2021-01-06', 3, NULL, NULL, '', NULL, NULL, NULL, NULL),
(13, 'TR680001470711', 'ES2020-0013', 'Gazel', '2018-09-22', 6, NULL, NULL, 'assets/img/photo/IMG-20240620-WA0022.jpg', NULL, NULL, NULL, NULL),
(14, 'TR680001470747', 'ES2020-0014', 'Ayna', '2020-07-26', 2, NULL, NULL, '', NULL, NULL, NULL, NULL),
(15, 'TR680001470750', 'ES2020-0015', 'Ayışığı', '2010-08-28', 1, NULL, NULL, 'assets/img/photo/IMG-20240620-WA0024.jpg', NULL, NULL, NULL, NULL),
(16, 'TR680001470753', 'ES2020-0016', 'Küpeli', '2020-08-04', 9, NULL, NULL, 'assets/img/photo/IMG-20240620-WA0023.jpg', NULL, NULL, NULL, NULL),
(17, 'TR680001470756', 'ES2020-0017', 'Bozo', '2021-12-24', 4, NULL, NULL, '', NULL, NULL, NULL, NULL),
(18, 'TR680001470757', 'ES2020-0018', 'Latte', '2012-02-14', 9, NULL, NULL, 'assets/img/photo/IMG-20240620-WA0031.jpg', NULL, NULL, NULL, NULL),
(19, 'TR680001284747', 'ES2020-0019', 'Hanımkız', '2010-09-02', 6, NULL, NULL, '', 'TR68000377755', 6, 'TR68000611004', 4),
(20, 'TR680001331566', 'ES2020-0020', 'Çiçek', '2019-12-26', 5, NULL, NULL, 'assets/img/photo/IMG-20240620-WA0012.jpg', 'TR68000561270', 9, 'TR68000535507', 8),
(21, 'TR680001331567', 'ES2020-0021', 'Çimen', '2018-11-28', 5, NULL, NULL, '', 'TR68000909464', 3, 'TR68000904689', 8),
(22, 'TR680001379764', 'ES2020-0022', 'Karaca', '2011-08-03', 8, NULL, NULL, 'assets/img/photo/IMG-20240620-WA0009.jpg', 'TR680001183878', 7, 'TR680001284574', 7),
(23, 'TR680001379765', 'ES2020-0023', 'Işık', '2017-03-19', 7, NULL, NULL, 'assets/img/photo/IMG-20240620-WA0008.jpg', 'TR680001331563', 2, 'TR68000880861', 2),
(24, 'TR680001470746', 'ES2020-0024', 'Ceylan', '2015-04-21', 4, NULL, NULL, '', 'TR6800031102851', 4, 'TR680001284584', 5),
(25, 'TR680001470715', 'ES2020-0025', 'Dilenci', '2014-11-13', 5, NULL, NULL, 'assets/img/photo/IMG-20240620-WA0006.jpg', 'TR680002584536', 4, 'TR6800014456878', 6),
(26, 'TR680001470748', 'ES2020-0026', 'Cicikız', '2018-06-08', 4, NULL, NULL, '', 'TR68000258954', 7, 'TR6800014256357', 7),
(27, 'TR680001470749', 'ES2020-0027', 'Benekli', '2011-07-26', 3, NULL, NULL, 'assets/img/photo/IMG-20240620-WA0027.jpg', 'TR68000053564878', 1, 'TR68000137695781', 1),
(28, 'TR680001470754', 'ES2020-0028', 'Boynuzlu', '2018-07-12', 3, NULL, NULL, 'assets/img/photo/IMG-20240620-WA0004.jpg', 'TR680000535786', 8, 'TR680001379962', 5),
(29, 'TR680001470755', 'ES2020-0029', 'Hediye', '2021-12-07', 6, NULL, NULL, 'assets/img/photo/IMG-20240620-WA0002.jpg', 'TR68000137967', 6, 'TR680001425908', 9),
(30, 'TR680001470725', 'ES2020-0030', 'Bozkız', '2018-01-31', 3, NULL, NULL, 'assets/img/photo/IMG-20240620-WA0024.jpg', 'TR680000535504', 6, 'TR680001379765', 8),
(46, 'TR68000617920', 'ES2020-0031', 'Nazlı', '2024-05-13', 9, NULL, NULL, 'assets/img/photo/IMG-20240620-WA0022.jpg', 'TR680001183877', 5, 'TR68000561570', 8),
(47, 'TR00000032', 'ES2020-0032', 'Beyaz', '2018-01-11', 8, '2024-06-20', 'Ot zehirlenmesi', 'assets/img/photo/istockphoto-494552844-256x256.jpg', 'TR680001153589', 1, 'TR68000535504', 2);

-- --------------------------------------------------------

--
-- Table structure for table `information`
--

CREATE TABLE `information` (
  `name` varchar(50) NOT NULL,
  `surname` varchar(50) NOT NULL,
  `username` varchar(100) NOT NULL,
  `password` varchar(50) NOT NULL,
  `farm_name` varchar(100) DEFAULT NULL
) ENGINE=InnoDB DEFAULT CHARSET=utf8mb4 COLLATE=utf8mb4_general_ci;

--
-- Dumping data for table `information`
--

INSERT INTO `information` (`name`, `surname`, `username`, `password`, `farm_name`) VALUES
('neslihan', 'şahin', 'neslihansahin', '123', 'Makü\r\n'),
('Aleyna', 'Kocaman', 'aleynakocaman', '234', 'Makü'),
('yusuf', 'efteli', 'yusuf', '104124', NULL);

-- --------------------------------------------------------

--
-- Table structure for table `milk`
--

CREATE TABLE `milk` (
  `id` int(11) NOT NULL,
  `cattle_id` int(11) NOT NULL,
  `milking_start_time` datetime NOT NULL,
  `milking_stop_time` datetime NOT NULL,
  `milk_amount` decimal(4,2) NOT NULL,
  `milking_id` int(11) NOT NULL
) ENGINE=InnoDB DEFAULT CHARSET=utf8mb3 COLLATE=utf8mb3_turkish_ci;

--
-- Dumping data for table `milk`
--

INSERT INTO `milk` (`id`, `cattle_id`, `milking_start_time`, `milking_stop_time`, `milk_amount`, `milking_id`) VALUES
(1, 1, '2024-08-01 17:16:43', '2024-08-01 17:27:56', 18.00, 1),
(2, 2, '2024-08-01 17:23:40', '2024-08-01 17:23:08', 19.00, 1),
(3, 3, '2024-08-01 17:22:04', '2024-08-01 17:25:14', 29.00, 1),
(4, 4, '2024-08-01 17:22:14', '2024-08-01 17:29:09', 23.00, 1),
(5, 5, '2024-08-01 17:20:27', '2024-08-01 17:22:24', 21.00, 1),
(6, 6, '2024-08-01 17:18:31', '2024-08-01 17:29:25', 24.00, 1),
(7, 7, '2024-08-01 17:24:23', '2024-08-01 17:22:13', 18.00, 1),
(8, 8, '2024-08-01 17:15:14', '2024-08-01 17:26:01', 29.00, 1),
(9, 9, '2024-08-01 17:16:34', '2024-08-01 17:24:53', 29.00, 1),
(10, 10, '2024-08-01 17:24:02', '2024-08-01 17:22:08', 21.00, 1),
(11, 11, '2024-08-01 17:27:09', '2024-08-01 17:24:10', 19.00, 1),
(12, 12, '2024-08-01 17:27:01', '2024-08-01 17:20:04', 21.00, 1),
(13, 13, '2024-08-01 17:26:15', '2024-08-01 17:20:54', 21.00, 1),
(14, 14, '2024-08-01 17:21:10', '2024-08-01 17:16:39', 19.00, 1),
(15, 15, '2024-08-01 17:18:52', '2024-08-01 17:26:19', 26.00, 1),
(16, 16, '2024-08-01 17:27:13', '2024-08-01 17:23:33', 19.00, 1),
(17, 17, '2024-08-01 17:29:24', '2024-08-01 17:20:57', 20.00, 1),
(18, 18, '2024-08-01 17:16:53', '2024-08-01 17:16:14', 30.00, 1),
(19, 19, '2024-08-01 17:27:26', '2024-08-01 17:26:47', 28.00, 1),
(20, 20, '2024-08-01 17:19:35', '2024-08-01 17:27:12', 19.00, 1),
(21, 21, '2024-08-01 17:25:58', '2024-08-01 17:18:09', 25.00, 1),
(22, 22, '2024-08-01 17:24:05', '2024-08-01 17:15:08', 17.00, 1),
(23, 23, '2024-08-01 17:28:21', '2024-08-01 17:21:10', 26.00, 1),
(24, 24, '2024-08-01 17:21:30', '2024-08-01 17:15:44', 24.00, 1),
(25, 25, '2024-08-01 17:25:46', '2024-08-01 17:17:11', 22.00, 1),
(26, 26, '2024-08-01 17:27:13', '2024-08-01 17:28:57', 18.00, 1),
(27, 27, '2024-08-01 17:17:19', '2024-08-01 17:18:34', 29.00, 1),
(28, 28, '2024-08-01 17:26:27', '2024-08-01 17:19:01', 22.00, 1),
(29, 29, '2024-08-01 17:20:37', '2024-08-01 17:22:08', 28.00, 1),
(30, 30, '2024-08-01 17:18:39', '2024-08-01 17:15:56', 26.00, 1),
(31, 1, '2024-08-02 17:24:59', '2024-08-02 17:27:05', 26.00, 1),
(32, 2, '2024-08-02 17:23:51', '2024-08-02 17:19:05', 17.00, 1),
(33, 3, '2024-08-02 17:23:11', '2024-08-02 17:24:02', 16.00, 1),
(34, 4, '2024-08-02 17:16:17', '2024-08-02 17:23:20', 29.00, 1),
(35, 5, '2024-08-02 17:27:22', '2024-08-02 17:19:18', 30.00, 1),
(36, 6, '2024-08-02 17:30:00', '2024-08-02 17:16:43', 23.00, 1),
(37, 7, '2024-08-02 17:28:10', '2024-08-02 17:29:17', 27.00, 1),
(38, 8, '2024-08-02 17:20:52', '2024-08-02 17:16:45', 26.00, 1),
(39, 9, '2024-08-02 17:23:22', '2024-08-02 17:29:20', 25.00, 1),
(40, 10, '2024-08-02 17:23:38', '2024-08-02 17:17:41', 19.00, 1),
(41, 11, '2024-08-02 17:20:13', '2024-08-02 17:27:43', 21.00, 1),
(42, 12, '2024-08-02 17:21:16', '2024-08-02 17:28:11', 15.00, 1),
(43, 13, '2024-08-02 17:19:57', '2024-08-02 17:16:13', 28.00, 1),
(44, 14, '2024-08-02 17:15:12', '2024-08-02 17:23:41', 23.00, 1),
(45, 15, '2024-08-02 17:29:19', '2024-08-02 17:29:05', 20.00, 1),
(46, 16, '2024-08-02 17:16:28', '2024-08-02 17:25:24', 27.00, 1),
(47, 17, '2024-08-02 17:19:06', '2024-08-02 17:29:22', 30.00, 1),
(48, 18, '2024-08-02 17:16:26', '2024-08-02 17:17:02', 23.00, 1),
(49, 19, '2024-08-02 17:24:37', '2024-08-02 17:15:52', 25.00, 1),
(50, 20, '2024-08-02 17:29:41', '2024-08-02 17:27:00', 29.00, 1),
(51, 21, '2024-08-02 17:21:58', '2024-08-02 17:19:13', 18.00, 1),
(52, 22, '2024-08-02 17:27:48', '2024-08-02 17:26:27', 30.00, 1),
(53, 23, '2024-08-02 17:28:06', '2024-08-02 17:15:38', 28.00, 1),
(54, 24, '2024-08-02 17:16:29', '2024-08-02 17:21:33', 16.00, 1),
(55, 25, '2024-08-02 17:16:49', '2024-08-02 17:21:17', 21.00, 1),
(56, 26, '2024-08-02 17:27:45', '2024-08-02 17:25:07', 16.00, 1),
(57, 27, '2024-08-02 17:29:07', '2024-08-02 17:30:00', 29.00, 1),
(58, 28, '2024-08-02 17:29:30', '2024-08-02 17:29:48', 18.00, 1),
(59, 29, '2024-08-02 17:19:19', '2024-08-02 17:21:03', 23.00, 1),
(60, 30, '2024-08-02 17:21:27', '2024-08-02 17:18:37', 28.00, 1),
(61, 1, '2024-08-03 17:27:12', '2024-08-03 17:27:38', 20.00, 1),
(62, 2, '2024-08-03 17:15:16', '2024-08-03 17:24:16', 20.00, 1),
(63, 3, '2024-08-03 17:25:04', '2024-08-03 17:21:06', 29.00, 1),
(64, 4, '2024-08-03 17:20:09', '2024-08-03 17:22:26', 26.00, 1),
(65, 5, '2024-08-03 17:22:17', '2024-08-03 17:28:51', 15.00, 1),
(66, 6, '2024-08-03 17:27:41', '2024-08-03 17:21:47', 19.00, 1),
(67, 7, '2024-08-03 17:23:14', '2024-08-03 17:15:22', 20.00, 1),
(68, 8, '2024-08-03 17:24:36', '2024-08-03 17:15:37', 19.00, 1),
(69, 9, '2024-08-03 17:16:47', '2024-08-03 17:19:52', 20.00, 1),
(70, 10, '2024-08-03 17:21:56', '2024-08-03 17:20:11', 25.00, 1),
(71, 11, '2024-08-03 17:23:44', '2024-08-03 17:25:56', 19.00, 1),
(72, 12, '2024-08-03 17:24:45', '2024-08-03 17:18:58', 16.00, 1),
(73, 13, '2024-08-03 17:26:39', '2024-08-03 17:22:55', 30.00, 1),
(74, 14, '2024-08-03 17:28:19', '2024-08-03 17:18:26', 26.00, 1),
(75, 15, '2024-08-03 17:16:09', '2024-08-03 17:18:13', 24.00, 1),
(76, 16, '2024-08-03 17:23:28', '2024-08-03 17:16:31', 27.00, 1),
(77, 17, '2024-08-03 17:22:36', '2024-08-03 17:19:18', 26.00, 1),
(78, 18, '2024-08-03 17:18:40', '2024-08-03 17:16:38', 26.00, 1),
(79, 19, '2024-08-03 17:21:06', '2024-08-03 17:24:34', 29.00, 1),
(80, 20, '2024-08-03 17:27:05', '2024-08-03 17:29:30', 17.00, 1),
(81, 21, '2024-08-03 17:28:09', '2024-08-03 17:26:20', 22.00, 1),
(82, 22, '2024-08-03 17:29:11', '2024-08-03 17:19:51', 30.00, 1),
(83, 23, '2024-08-03 17:27:14', '2024-08-03 17:17:03', 27.00, 1),
(84, 24, '2024-08-03 17:24:04', '2024-08-03 17:16:33', 18.00, 1),
(85, 25, '2024-08-03 17:15:32', '2024-08-03 17:24:16', 15.00, 1),
(86, 26, '2024-08-03 17:27:25', '2024-08-03 17:27:02', 18.00, 1),
(87, 27, '2024-08-03 17:28:47', '2024-08-03 17:18:27', 19.00, 1),
(88, 28, '2024-08-03 17:15:33', '2024-08-03 17:16:55', 19.00, 1),
(89, 29, '2024-08-03 17:20:12', '2024-08-03 17:29:51', 24.00, 1),
(90, 30, '2024-08-03 17:19:12', '2024-08-03 17:23:59', 30.00, 1),
(91, 1, '2024-08-04 17:27:58', '2024-08-04 17:17:18', 21.00, 1),
(92, 2, '2024-08-04 17:17:27', '2024-08-04 17:16:32', 27.00, 1),
(93, 3, '2024-08-04 17:22:40', '2024-08-04 17:26:34', 19.00, 1),
(94, 4, '2024-08-04 17:21:37', '2024-08-04 17:21:52', 22.00, 1),
(95, 5, '2024-08-04 17:15:38', '2024-08-04 17:29:18', 20.00, 1),
(96, 6, '2024-08-04 17:24:33', '2024-08-04 17:23:00', 18.00, 1),
(97, 7, '2024-08-04 17:28:42', '2024-08-04 17:18:09', 29.00, 1),
(98, 8, '2024-08-04 17:24:17', '2024-08-04 17:27:47', 22.00, 1),
(99, 9, '2024-08-04 17:20:01', '2024-08-04 17:19:15', 18.00, 1),
(100, 10, '2024-08-04 17:19:16', '2024-08-04 17:15:33', 24.00, 1),
(101, 11, '2024-08-04 17:21:52', '2024-08-04 17:17:14', 21.00, 1),
(102, 12, '2024-08-04 17:19:38', '2024-08-04 17:19:21', 26.00, 1),
(103, 13, '2024-08-04 17:21:03', '2024-08-04 17:29:41', 22.00, 1),
(104, 14, '2024-08-04 17:26:59', '2024-08-04 17:23:18', 17.00, 1),
(105, 15, '2024-08-04 17:27:40', '2024-08-04 17:28:12', 25.00, 1),
(106, 16, '2024-08-04 17:27:25', '2024-08-04 17:29:27', 27.00, 1),
(107, 17, '2024-08-04 17:22:17', '2024-08-04 17:20:37', 30.00, 1),
(108, 18, '2024-08-04 17:28:35', '2024-08-04 17:26:34', 21.00, 1),
(109, 19, '2024-08-04 17:28:01', '2024-08-04 17:27:50', 27.00, 1),
(110, 20, '2024-08-04 17:21:59', '2024-08-04 17:17:59', 21.00, 1),
(111, 21, '2024-08-04 17:26:57', '2024-08-04 17:15:01', 16.00, 1),
(112, 22, '2024-08-04 17:25:24', '2024-08-04 17:25:15', 25.00, 1),
(113, 23, '2024-08-04 17:27:15', '2024-08-04 17:27:23', 29.00, 1),
(114, 24, '2024-08-04 17:21:29', '2024-08-04 17:16:32', 27.00, 1),
(115, 25, '2024-08-04 17:23:17', '2024-08-04 17:18:02', 17.00, 1),
(116, 26, '2024-08-04 17:23:34', '2024-08-04 17:15:13', 27.00, 1),
(117, 27, '2024-08-04 17:25:27', '2024-08-04 17:24:40', 26.00, 1),
(118, 28, '2024-08-04 17:20:51', '2024-08-04 17:28:17', 24.00, 1),
(119, 29, '2024-08-04 17:25:40', '2024-08-04 17:20:24', 19.00, 1),
(120, 30, '2024-08-04 17:26:04', '2024-08-04 17:22:31', 30.00, 1),
(121, 1, '2024-08-05 17:24:15', '2024-08-05 17:20:00', 16.00, 1),
(122, 2, '2024-08-05 17:15:33', '2024-08-05 17:21:18', 25.00, 1),
(123, 3, '2024-08-05 17:29:26', '2024-08-05 17:29:53', 21.00, 1),
(124, 4, '2024-08-05 17:21:46', '2024-08-05 17:24:43', 22.00, 1),
(125, 5, '2024-08-05 17:17:15', '2024-08-05 17:28:51', 15.00, 1),
(126, 6, '2024-08-05 17:26:54', '2024-08-05 17:21:36', 27.00, 1),
(127, 7, '2024-08-05 17:23:31', '2024-08-05 17:27:43', 17.00, 1),
(128, 8, '2024-08-05 17:20:18', '2024-08-05 17:15:39', 25.00, 1),
(129, 9, '2024-08-05 17:27:44', '2024-08-05 17:16:18', 17.00, 1),
(130, 10, '2024-08-05 17:29:25', '2024-08-05 17:23:21', 28.00, 1),
(131, 11, '2024-08-05 17:24:47', '2024-08-05 17:27:37', 26.00, 1),
(132, 12, '2024-08-05 17:15:23', '2024-08-05 17:22:06', 15.00, 1),
(133, 13, '2024-08-05 17:22:29', '2024-08-05 17:21:07', 22.00, 1),
(134, 14, '2024-08-05 17:17:45', '2024-08-05 17:20:42', 24.00, 1),
(135, 15, '2024-08-05 17:23:56', '2024-08-05 17:29:12', 29.00, 1),
(136, 16, '2024-08-05 17:20:22', '2024-08-05 17:21:47', 24.00, 1),
(137, 17, '2024-08-05 17:21:04', '2024-08-05 17:16:29', 17.00, 1),
(138, 18, '2024-08-05 17:16:43', '2024-08-05 17:16:44', 28.00, 1),
(139, 19, '2024-08-05 17:23:53', '2024-08-05 17:19:10', 18.00, 1),
(140, 20, '2024-08-05 17:23:49', '2024-08-05 17:28:34', 16.00, 1),
(141, 21, '2024-08-05 17:24:23', '2024-08-05 17:28:49', 28.00, 1),
(142, 22, '2024-08-05 17:20:41', '2024-08-05 17:20:53', 30.00, 1),
(143, 23, '2024-08-05 17:23:35', '2024-08-05 17:21:38', 17.00, 1),
(144, 24, '2024-08-05 17:22:55', '2024-08-05 17:15:43', 17.00, 1),
(145, 25, '2024-08-05 17:21:26', '2024-08-05 17:16:54', 20.00, 1),
(146, 26, '2024-08-05 17:23:44', '2024-08-05 17:23:30', 26.00, 1),
(147, 27, '2024-08-05 17:21:36', '2024-08-05 17:20:21', 19.00, 1),
(148, 28, '2024-08-05 17:24:42', '2024-08-05 17:18:44', 27.00, 1),
(149, 29, '2024-08-05 17:26:26', '2024-08-05 17:22:31', 24.00, 1),
(150, 30, '2024-08-05 17:26:39', '2024-08-05 17:29:35', 27.00, 1),
(151, 1, '2024-08-06 17:19:21', '2024-08-06 17:20:12', 19.00, 1),
(152, 2, '2024-08-06 17:21:07', '2024-08-06 17:23:20', 16.00, 1),
(153, 3, '2024-08-06 17:25:38', '2024-08-06 17:20:01', 26.00, 1),
(154, 4, '2024-08-06 17:19:19', '2024-08-06 17:27:43', 20.00, 1),
(155, 5, '2024-08-06 17:20:23', '2024-08-06 17:26:21', 19.00, 1),
(156, 6, '2024-08-06 17:22:46', '2024-08-06 17:24:07', 24.00, 1),
(157, 7, '2024-08-06 17:28:08', '2024-08-06 17:29:44', 22.00, 1),
(158, 8, '2024-08-06 17:15:13', '2024-08-06 17:15:57', 17.00, 1),
(159, 9, '2024-08-06 17:17:39', '2024-08-06 17:28:46', 23.00, 1),
(160, 10, '2024-08-06 17:26:02', '2024-08-06 17:21:54', 16.00, 1),
(161, 11, '2024-08-06 17:19:42', '2024-08-06 17:17:43', 19.00, 1),
(162, 12, '2024-08-06 17:25:12', '2024-08-06 17:27:06', 23.00, 1),
(163, 13, '2024-08-06 17:24:53', '2024-08-06 17:25:42', 27.00, 1),
(164, 14, '2024-08-06 17:22:43', '2024-08-06 17:15:05', 21.00, 1),
(165, 15, '2024-08-06 17:17:23', '2024-08-06 17:25:39', 18.00, 1),
(166, 16, '2024-08-06 17:20:24', '2024-08-06 17:20:37', 28.00, 1),
(167, 17, '2024-08-06 17:16:49', '2024-08-06 17:16:22', 18.00, 1),
(168, 18, '2024-08-06 17:27:23', '2024-08-06 17:27:29', 29.00, 1),
(169, 19, '2024-08-06 17:24:18', '2024-08-06 17:24:03', 30.00, 1),
(170, 20, '2024-08-06 17:26:24', '2024-08-06 17:27:57', 24.00, 1),
(171, 21, '2024-08-06 17:27:35', '2024-08-06 17:26:24', 17.00, 1),
(172, 22, '2024-08-06 17:20:40', '2024-08-06 17:23:19', 23.00, 1),
(173, 23, '2024-08-06 17:17:02', '2024-08-06 17:17:43', 30.00, 1),
(174, 24, '2024-08-06 17:15:11', '2024-08-06 17:15:27', 22.00, 1),
(175, 25, '2024-08-06 17:15:13', '2024-08-06 17:23:32', 19.00, 1),
(176, 26, '2024-08-06 17:18:02', '2024-08-06 17:18:48', 23.00, 1),
(177, 27, '2024-08-06 17:23:09', '2024-08-06 17:18:14', 24.00, 1),
(178, 28, '2024-08-06 17:25:47', '2024-08-06 17:29:19', 18.00, 1),
(179, 29, '2024-08-06 17:20:47', '2024-08-06 17:21:21', 23.00, 1),
(180, 30, '2024-08-06 17:17:56', '2024-08-06 17:15:51', 20.00, 1),
(181, 1, '2024-08-07 17:17:14', '2024-08-07 17:21:24', 17.00, 1),
(182, 2, '2024-08-07 17:19:19', '2024-08-07 17:17:52', 29.00, 1),
(183, 3, '2024-08-07 17:16:20', '2024-08-07 17:16:44', 18.00, 1),
(184, 4, '2024-08-07 17:25:16', '2024-08-07 17:20:38', 30.00, 1),
(185, 5, '2024-08-07 17:17:13', '2024-08-07 17:17:09', 30.00, 1),
(186, 6, '2024-08-07 17:17:12', '2024-08-07 17:20:37', 15.00, 1),
(187, 7, '2024-08-07 17:19:30', '2024-08-07 17:19:21', 29.00, 1),
(188, 8, '2024-08-07 17:19:29', '2024-08-07 17:17:31', 18.00, 1),
(189, 9, '2024-08-07 17:18:56', '2024-08-07 17:18:02', 23.00, 1),
(190, 10, '2024-08-07 17:20:45', '2024-08-07 17:27:34', 25.00, 1),
(191, 11, '2024-08-07 17:19:23', '2024-08-07 17:27:46', 20.00, 1),
(192, 12, '2024-08-07 17:16:49', '2024-08-07 17:15:31', 30.00, 1),
(193, 13, '2024-08-07 17:28:59', '2024-08-07 17:15:06', 17.00, 1),
(194, 14, '2024-08-07 17:23:53', '2024-08-07 17:20:13', 27.00, 1),
(195, 15, '2024-08-07 17:15:16', '2024-08-07 17:15:06', 29.00, 1),
(196, 16, '2024-08-07 17:26:55', '2024-08-07 17:20:44', 22.00, 1),
(197, 17, '2024-08-07 17:29:06', '2024-08-07 17:29:18', 28.00, 1),
(198, 18, '2024-08-07 17:20:48', '2024-08-07 17:29:29', 21.00, 1),
(199, 19, '2024-08-07 17:28:50', '2024-08-07 17:17:42', 17.00, 1),
(200, 20, '2024-08-07 17:27:48', '2024-08-07 17:26:40', 19.00, 1),
(201, 21, '2024-08-07 17:24:55', '2024-08-07 17:25:31', 23.00, 1),
(202, 22, '2024-08-07 17:19:40', '2024-08-07 17:28:01', 21.00, 1),
(203, 23, '2024-08-07 17:22:12', '2024-08-07 17:16:14', 25.00, 1),
(204, 24, '2024-08-07 17:19:41', '2024-08-07 17:29:48', 15.00, 1),
(205, 25, '2024-08-07 17:22:36', '2024-08-07 17:22:24', 18.00, 1),
(206, 26, '2024-08-07 17:17:35', '2024-08-07 17:15:29', 17.00, 1),
(207, 27, '2024-08-07 17:18:21', '2024-08-07 17:18:48', 18.00, 1),
(208, 28, '2024-08-07 17:21:14', '2024-08-07 17:26:46', 15.00, 1),
(209, 29, '2024-08-07 17:24:42', '2024-08-07 17:26:39', 21.00, 1),
(210, 30, '2024-08-07 17:29:48', '2024-08-07 17:22:31', 18.00, 1),
(211, 1, '2024-08-08 17:29:40', '2024-08-08 17:19:36', 16.00, 1),
(212, 2, '2024-08-08 17:20:53', '2024-08-08 17:25:38', 26.00, 1),
(213, 3, '2024-08-08 17:17:38', '2024-08-08 17:28:05', 23.00, 1),
(214, 4, '2024-08-08 17:16:08', '2024-08-08 17:25:30', 19.00, 1),
(215, 5, '2024-08-08 17:18:01', '2024-08-08 17:26:33', 29.00, 1),
(216, 6, '2024-08-08 17:19:41', '2024-08-08 17:27:08', 16.00, 1),
(217, 7, '2024-08-08 17:24:59', '2024-08-08 17:20:47', 23.00, 1),
(218, 8, '2024-08-08 17:28:42', '2024-08-08 17:27:55', 18.00, 1),
(219, 9, '2024-08-08 17:27:13', '2024-08-08 17:21:40', 24.00, 1),
(220, 10, '2024-08-08 17:15:26', '2024-08-08 17:16:05', 17.00, 1),
(221, 11, '2024-08-08 17:18:33', '2024-08-08 17:28:01', 23.00, 1),
(222, 12, '2024-08-08 17:23:24', '2024-08-08 17:19:48', 25.00, 1),
(223, 13, '2024-08-08 17:16:48', '2024-08-08 17:15:33', 15.00, 1),
(224, 14, '2024-08-08 17:25:49', '2024-08-08 17:28:45', 20.00, 1),
(225, 15, '2024-08-08 17:24:53', '2024-08-08 17:25:31', 23.00, 1),
(226, 16, '2024-08-08 17:23:34', '2024-08-08 17:23:49', 20.00, 1),
(227, 17, '2024-08-08 17:16:03', '2024-08-08 17:18:15', 26.00, 1),
(228, 18, '2024-08-08 17:15:18', '2024-08-08 17:20:56', 21.00, 1),
(229, 19, '2024-08-08 17:19:49', '2024-08-08 17:23:43', 30.00, 1),
(230, 20, '2024-08-08 17:17:49', '2024-08-08 17:27:53', 16.00, 1),
(231, 21, '2024-08-08 17:18:56', '2024-08-08 17:25:19', 17.00, 1),
(232, 22, '2024-08-08 17:24:05', '2024-08-08 17:16:44', 22.00, 1),
(233, 23, '2024-08-08 17:22:50', '2024-08-08 17:26:30', 15.00, 1),
(234, 24, '2024-08-08 17:23:18', '2024-08-08 17:19:07', 26.00, 1),
(235, 25, '2024-08-08 17:19:40', '2024-08-08 17:21:47', 19.00, 1),
(236, 26, '2024-08-08 17:17:06', '2024-08-08 17:23:15', 30.00, 1),
(237, 27, '2024-08-08 17:26:41', '2024-08-08 17:26:14', 27.00, 1),
(238, 28, '2024-08-08 17:27:24', '2024-08-08 17:23:23', 29.00, 1),
(239, 29, '2024-08-08 17:18:25', '2024-08-08 17:18:45', 16.00, 1),
(240, 30, '2024-08-08 17:26:23', '2024-08-08 17:24:23', 20.00, 1),
(241, 1, '2024-08-09 17:28:44', '2024-08-09 17:21:50', 19.00, 1),
(242, 2, '2024-08-09 17:24:20', '2024-08-09 17:16:16', 23.00, 1),
(243, 3, '2024-08-09 17:26:19', '2024-08-09 17:26:05', 30.00, 1),
(244, 4, '2024-08-09 17:17:43', '2024-08-09 17:15:30', 15.00, 1),
(245, 5, '2024-08-09 17:19:36', '2024-08-09 17:28:13', 27.00, 1),
(246, 6, '2024-08-09 17:21:37', '2024-08-09 17:19:34', 16.00, 1),
(247, 7, '2024-08-09 17:28:09', '2024-08-09 17:26:33', 27.00, 1),
(248, 8, '2024-08-09 17:23:09', '2024-08-09 17:26:32', 27.00, 1),
(249, 9, '2024-08-09 17:22:17', '2024-08-09 17:24:12', 18.00, 1),
(250, 10, '2024-08-09 17:28:15', '2024-08-09 17:28:02', 28.00, 1),
(251, 11, '2024-08-09 17:29:52', '2024-08-09 17:24:55', 26.00, 1),
(252, 12, '2024-08-09 17:19:54', '2024-08-09 17:18:45', 24.00, 1),
(253, 13, '2024-08-09 17:20:27', '2024-08-09 17:18:34', 27.00, 1),
(254, 14, '2024-08-09 17:25:24', '2024-08-09 17:20:19', 21.00, 1),
(255, 15, '2024-08-09 17:18:24', '2024-08-09 17:24:39', 26.00, 1),
(256, 16, '2024-08-09 17:19:44', '2024-08-09 17:23:51', 18.00, 1),
(257, 17, '2024-08-09 17:25:29', '2024-08-09 17:21:16', 26.00, 1),
(258, 18, '2024-08-09 17:16:12', '2024-08-09 17:21:10', 28.00, 1),
(259, 19, '2024-08-09 17:26:40', '2024-08-09 17:23:49', 19.00, 1),
(260, 20, '2024-08-09 17:28:56', '2024-08-09 17:23:59', 18.00, 1),
(261, 21, '2024-08-09 17:29:39', '2024-08-09 17:22:03', 26.00, 1),
(262, 22, '2024-08-09 17:26:48', '2024-08-09 17:24:21', 29.00, 1),
(263, 23, '2024-08-09 17:22:57', '2024-08-09 17:28:56', 22.00, 1),
(264, 24, '2024-08-09 17:24:41', '2024-08-09 17:18:43', 27.00, 1),
(265, 25, '2024-08-09 17:24:28', '2024-08-09 17:29:05', 17.00, 1),
(266, 26, '2024-08-09 17:27:53', '2024-08-09 17:25:49', 30.00, 1),
(267, 27, '2024-08-09 17:17:24', '2024-08-09 17:21:39', 20.00, 1),
(268, 28, '2024-08-09 17:27:57', '2024-08-09 17:18:02', 23.00, 1),
(269, 29, '2024-08-09 17:28:32', '2024-08-09 17:24:21', 18.00, 1),
(270, 30, '2024-08-09 17:20:13', '2024-08-09 17:20:58', 23.00, 1),
(271, 1, '2024-08-10 17:16:46', '2024-08-10 17:22:16', 29.00, 1),
(272, 2, '2024-08-10 17:18:07', '2024-08-10 17:29:18', 28.00, 1),
(273, 3, '2024-08-10 17:28:44', '2024-08-10 17:22:24', 16.00, 1),
(274, 4, '2024-08-10 17:16:00', '2024-08-10 17:25:15', 15.00, 1),
(275, 5, '2024-08-10 17:21:15', '2024-08-10 17:29:12', 24.00, 1),
(276, 6, '2024-08-10 17:28:33', '2024-08-10 17:17:52', 25.00, 1),
(277, 7, '2024-08-10 17:28:52', '2024-08-10 17:27:07', 29.00, 1),
(278, 8, '2024-08-10 17:20:51', '2024-08-10 17:18:10', 27.00, 1),
(279, 9, '2024-08-10 17:22:38', '2024-08-10 17:24:24', 17.00, 1),
(280, 10, '2024-08-10 17:19:13', '2024-08-10 17:21:49', 27.00, 1),
(281, 11, '2024-08-10 17:24:48', '2024-08-10 17:17:43', 18.00, 1),
(282, 12, '2024-08-10 17:20:41', '2024-08-10 17:25:23', 23.00, 1),
(283, 13, '2024-08-10 17:17:42', '2024-08-10 17:24:53', 27.00, 1),
(284, 14, '2024-08-10 17:17:06', '2024-08-10 17:23:55', 30.00, 1),
(285, 15, '2024-08-10 17:27:46', '2024-08-10 17:29:44', 28.00, 1),
(286, 16, '2024-08-10 17:23:59', '2024-08-10 17:20:29', 16.00, 1),
(287, 17, '2024-08-10 17:19:30', '2024-08-10 17:22:16', 17.00, 1),
(288, 18, '2024-08-10 17:28:30', '2024-08-10 17:19:47', 23.00, 1),
(289, 19, '2024-08-10 17:28:22', '2024-08-10 17:19:49', 26.00, 1),
(290, 20, '2024-08-10 17:27:42', '2024-08-10 17:20:35', 22.00, 1),
(291, 21, '2024-08-10 17:15:30', '2024-08-10 17:27:08', 19.00, 1),
(292, 22, '2024-08-10 17:20:28', '2024-08-10 17:26:41', 25.00, 1),
(293, 23, '2024-08-10 17:16:28', '2024-08-10 17:26:54', 30.00, 1),
(294, 24, '2024-08-10 17:18:50', '2024-08-10 17:17:43', 17.00, 1),
(295, 25, '2024-08-10 17:22:04', '2024-08-10 17:26:05', 17.00, 1),
(296, 26, '2024-08-10 17:20:36', '2024-08-10 17:26:26', 17.00, 1),
(297, 27, '2024-08-10 17:25:04', '2024-08-10 17:23:02', 26.00, 1),
(298, 28, '2024-08-10 17:18:53', '2024-08-10 17:28:08', 20.00, 1),
(299, 29, '2024-08-10 17:25:55', '2024-08-10 17:16:23', 17.00, 1),
(300, 30, '2024-08-10 17:22:58', '2024-08-10 17:28:41', 16.00, 1),
(301, 1, '2024-08-11 17:19:18', '2024-08-11 17:24:56', 19.00, 1),
(302, 2, '2024-08-11 17:22:18', '2024-08-11 17:28:16', 17.00, 1),
(303, 3, '2024-08-11 17:15:47', '2024-08-11 17:17:10', 21.00, 1),
(304, 4, '2024-08-11 17:26:18', '2024-08-11 17:26:25', 21.00, 1),
(305, 5, '2024-08-11 17:23:22', '2024-08-11 17:17:24', 17.00, 1),
(306, 6, '2024-08-11 17:28:30', '2024-08-11 17:23:55', 24.00, 1),
(307, 7, '2024-08-11 17:24:09', '2024-08-11 17:25:21', 15.00, 1),
(308, 8, '2024-08-11 17:16:16', '2024-08-11 17:24:29', 25.00, 1),
(309, 9, '2024-08-11 17:22:10', '2024-08-11 17:19:14', 15.00, 1),
(310, 10, '2024-08-11 17:18:32', '2024-08-11 17:27:59', 22.00, 1),
(311, 11, '2024-08-11 17:19:43', '2024-08-11 17:24:55', 28.00, 1),
(312, 12, '2024-08-11 17:28:11', '2024-08-11 17:24:48', 18.00, 1),
(313, 13, '2024-08-11 17:22:21', '2024-08-11 17:18:42', 16.00, 1),
(314, 14, '2024-08-11 17:23:42', '2024-08-11 17:21:12', 21.00, 1),
(315, 15, '2024-08-11 17:15:11', '2024-08-11 17:24:56', 20.00, 1),
(316, 16, '2024-08-11 17:16:18', '2024-08-11 17:20:00', 15.00, 1),
(317, 17, '2024-08-11 17:21:26', '2024-08-11 17:28:04', 26.00, 1),
(318, 18, '2024-08-11 17:24:36', '2024-08-11 17:29:00', 29.00, 1),
(319, 19, '2024-08-11 17:16:54', '2024-08-11 17:22:44', 21.00, 1),
(320, 20, '2024-08-11 17:27:30', '2024-08-11 17:24:55', 15.00, 1),
(321, 21, '2024-08-11 17:26:34', '2024-08-11 17:25:05', 18.00, 1),
(322, 22, '2024-08-11 17:26:45', '2024-08-11 17:27:22', 20.00, 1),
(323, 23, '2024-08-11 17:25:04', '2024-08-11 17:20:16', 25.00, 1),
(324, 24, '2024-08-11 17:25:20', '2024-08-11 17:30:00', 25.00, 1),
(325, 25, '2024-08-11 17:18:39', '2024-08-11 17:18:52', 15.00, 1),
(326, 26, '2024-08-11 17:18:53', '2024-08-11 17:29:19', 16.00, 1),
(327, 27, '2024-08-11 17:16:24', '2024-08-11 17:21:58', 27.00, 1),
(328, 28, '2024-08-11 17:21:25', '2024-08-11 17:16:22', 24.00, 1),
(329, 29, '2024-08-11 17:21:19', '2024-08-11 17:20:59', 22.00, 1),
(330, 30, '2024-08-11 17:28:46', '2024-08-11 17:26:57', 27.00, 1),
(331, 1, '2024-08-12 17:27:42', '2024-08-12 17:20:45', 26.00, 1),
(332, 2, '2024-08-12 17:27:26', '2024-08-12 17:29:44', 17.00, 1),
(333, 3, '2024-08-12 17:24:18', '2024-08-12 17:24:41', 29.00, 1),
(334, 4, '2024-08-12 17:16:00', '2024-08-12 17:19:26', 22.00, 1),
(335, 5, '2024-08-12 17:27:19', '2024-08-12 17:27:39', 19.00, 1),
(336, 6, '2024-08-12 17:27:58', '2024-08-12 17:27:30', 20.00, 1),
(337, 7, '2024-08-12 17:20:03', '2024-08-12 17:15:40', 29.00, 1),
(338, 8, '2024-08-12 17:26:35', '2024-08-12 17:25:58', 22.00, 1),
(339, 9, '2024-08-12 17:27:28', '2024-08-12 17:24:13', 16.00, 1),
(340, 10, '2024-08-12 17:26:34', '2024-08-12 17:26:12', 28.00, 1),
(341, 11, '2024-08-12 17:29:27', '2024-08-12 17:19:03', 22.00, 1),
(342, 12, '2024-08-12 17:20:29', '2024-08-12 17:16:00', 30.00, 1),
(343, 13, '2024-08-12 17:24:40', '2024-08-12 17:16:10', 15.00, 1),
(344, 14, '2024-08-12 17:18:01', '2024-08-12 17:27:41', 24.00, 1),
(345, 15, '2024-08-12 17:27:00', '2024-08-12 17:23:40', 26.00, 1),
(346, 16, '2024-08-12 17:26:01', '2024-08-12 17:21:26', 21.00, 1),
(347, 17, '2024-08-12 17:21:06', '2024-08-12 17:28:56', 20.00, 1),
(348, 18, '2024-08-12 17:16:39', '2024-08-12 17:15:26', 15.00, 1),
(349, 19, '2024-08-12 17:21:56', '2024-08-12 17:27:07', 28.00, 1),
(350, 20, '2024-08-12 17:20:27', '2024-08-12 17:25:28', 29.00, 1),
(351, 21, '2024-08-12 17:23:16', '2024-08-12 17:21:31', 19.00, 1),
(352, 22, '2024-08-12 17:25:56', '2024-08-12 17:23:21', 20.00, 1),
(353, 23, '2024-08-12 17:25:16', '2024-08-12 17:20:44', 17.00, 1),
(354, 24, '2024-08-12 17:23:57', '2024-08-12 17:15:08', 19.00, 1),
(355, 25, '2024-08-12 17:29:05', '2024-08-12 17:18:52', 24.00, 1),
(356, 26, '2024-08-12 17:29:34', '2024-08-12 17:21:06', 21.00, 1),
(357, 27, '2024-08-12 17:27:07', '2024-08-12 17:24:17', 22.00, 1),
(358, 28, '2024-08-12 17:15:07', '2024-08-12 17:16:11', 24.00, 1),
(359, 29, '2024-08-12 17:18:04', '2024-08-12 17:24:36', 15.00, 1),
(360, 30, '2024-08-12 17:15:26', '2024-08-12 17:15:23', 17.00, 1),
(361, 1, '2024-08-13 17:19:23', '2024-08-13 17:15:14', 30.00, 1),
(362, 2, '2024-08-13 17:19:56', '2024-08-13 17:15:50', 19.00, 1),
(363, 3, '2024-08-13 17:24:37', '2024-08-13 17:29:18', 20.00, 1),
(364, 4, '2024-08-13 17:23:15', '2024-08-13 17:19:54', 29.00, 1),
(365, 5, '2024-08-13 17:29:05', '2024-08-13 17:18:20', 28.00, 1),
(366, 6, '2024-08-13 17:16:42', '2024-08-13 17:29:08', 15.00, 1),
(367, 7, '2024-08-13 17:20:53', '2024-08-13 17:15:44', 18.00, 1),
(368, 8, '2024-08-13 17:23:45', '2024-08-13 17:15:24', 28.00, 1),
(369, 9, '2024-08-13 17:24:55', '2024-08-13 17:19:32', 26.00, 1),
(370, 10, '2024-08-13 17:26:12', '2024-08-13 17:21:40', 24.00, 1),
(371, 11, '2024-08-13 17:29:04', '2024-08-13 17:17:08', 16.00, 1),
(372, 12, '2024-08-13 17:22:49', '2024-08-13 17:24:01', 21.00, 1),
(373, 13, '2024-08-13 17:21:53', '2024-08-13 17:15:40', 16.00, 1),
(374, 14, '2024-08-13 17:16:04', '2024-08-13 17:23:10', 29.00, 1),
(375, 15, '2024-08-13 17:17:08', '2024-08-13 17:15:49', 16.00, 1),
(376, 16, '2024-08-13 17:23:58', '2024-08-13 17:23:48', 30.00, 1),
(377, 17, '2024-08-13 17:17:38', '2024-08-13 17:15:53', 25.00, 1),
(378, 18, '2024-08-13 17:19:28', '2024-08-13 17:23:53', 23.00, 1),
(379, 19, '2024-08-13 17:25:16', '2024-08-13 17:23:07', 25.00, 1),
(380, 20, '2024-08-13 17:26:26', '2024-08-13 17:28:42', 25.00, 1),
(381, 21, '2024-08-13 17:29:16', '2024-08-13 17:29:43', 20.00, 1),
(382, 22, '2024-08-13 17:26:04', '2024-08-13 17:16:00', 21.00, 1),
(383, 23, '2024-08-13 17:29:57', '2024-08-13 17:20:07', 24.00, 1),
(384, 24, '2024-08-13 17:28:32', '2024-08-13 17:16:29', 25.00, 1),
(385, 25, '2024-08-13 17:16:19', '2024-08-13 17:26:23', 20.00, 1),
(386, 26, '2024-08-13 17:19:04', '2024-08-13 17:25:44', 25.00, 1),
(387, 27, '2024-08-13 17:21:53', '2024-08-13 17:19:24', 24.00, 1),
(388, 28, '2024-08-13 17:16:26', '2024-08-13 17:19:22', 30.00, 1),
(389, 29, '2024-08-13 17:26:16', '2024-08-13 17:27:10', 24.00, 1),
(390, 30, '2024-08-13 17:27:48', '2024-08-13 17:23:57', 20.00, 1),
(391, 1, '2024-08-14 17:16:56', '2024-08-14 17:27:40', 25.00, 1),
(392, 2, '2024-08-14 17:20:40', '2024-08-14 17:21:39', 16.00, 1),
(393, 3, '2024-08-14 17:16:15', '2024-08-14 17:18:02', 18.00, 1),
(394, 4, '2024-08-14 17:23:47', '2024-08-14 17:21:04', 17.00, 1),
(395, 5, '2024-08-14 17:20:00', '2024-08-14 17:20:40', 19.00, 1),
(396, 6, '2024-08-14 17:22:29', '2024-08-14 17:28:58', 30.00, 1),
(397, 7, '2024-08-14 17:16:59', '2024-08-14 17:16:11', 26.00, 1),
(398, 8, '2024-08-14 17:16:55', '2024-08-14 17:18:27', 17.00, 1),
(399, 9, '2024-08-14 17:15:14', '2024-08-14 17:16:49', 21.00, 1),
(400, 10, '2024-08-14 17:15:12', '2024-08-14 17:27:04', 22.00, 1),
(401, 11, '2024-08-14 17:28:38', '2024-08-14 17:19:07', 21.00, 1),
(402, 12, '2024-08-14 17:15:28', '2024-08-14 17:25:02', 18.00, 1),
(403, 13, '2024-08-14 17:18:21', '2024-08-14 17:23:45', 22.00, 1),
(404, 14, '2024-08-14 17:21:16', '2024-08-14 17:17:02', 26.00, 1),
(405, 15, '2024-08-14 17:16:11', '2024-08-14 17:26:58', 20.00, 1),
(406, 16, '2024-08-14 17:29:21', '2024-08-14 17:29:48', 20.00, 1),
(407, 17, '2024-08-14 17:19:32', '2024-08-14 17:16:33', 26.00, 1),
(408, 18, '2024-08-14 17:18:22', '2024-08-14 17:19:30', 18.00, 1),
(409, 19, '2024-08-14 17:22:13', '2024-08-14 17:19:25', 19.00, 1),
(410, 20, '2024-08-14 17:17:28', '2024-08-14 17:25:35', 15.00, 1),
(411, 21, '2024-08-14 17:22:15', '2024-08-14 17:24:55', 19.00, 1),
(412, 22, '2024-08-14 17:28:43', '2024-08-14 17:20:17', 15.00, 1),
(413, 23, '2024-08-14 17:19:48', '2024-08-14 17:19:08', 19.00, 1),
(414, 24, '2024-08-14 17:17:45', '2024-08-14 17:22:48', 25.00, 1),
(415, 25, '2024-08-14 17:23:12', '2024-08-14 17:29:01', 20.00, 1),
(416, 26, '2024-08-14 17:26:42', '2024-08-14 17:22:20', 15.00, 1),
(417, 27, '2024-08-14 17:27:41', '2024-08-14 17:29:04', 30.00, 1),
(418, 28, '2024-08-14 17:29:47', '2024-08-14 17:18:24', 18.00, 1),
(419, 29, '2024-08-14 17:27:45', '2024-08-14 17:29:14', 16.00, 1),
(420, 30, '2024-08-14 17:20:49', '2024-08-14 17:28:26', 29.00, 1),
(421, 1, '2024-08-15 17:24:34', '2024-08-15 17:26:58', 30.00, 1),
(422, 2, '2024-08-15 17:23:46', '2024-08-15 17:15:09', 22.00, 1),
(423, 3, '2024-08-15 17:20:10', '2024-08-15 17:23:19', 15.00, 1),
(424, 4, '2024-08-15 17:18:18', '2024-08-15 17:19:10', 27.00, 1),
(425, 5, '2024-08-15 17:15:31', '2024-08-15 17:20:42', 28.00, 1),
(426, 6, '2024-08-15 17:26:07', '2024-08-15 17:21:43', 26.00, 1),
(427, 7, '2024-08-15 17:18:25', '2024-08-15 17:15:29', 19.00, 1),
(428, 8, '2024-08-15 17:22:56', '2024-08-15 17:20:10', 25.00, 1),
(429, 9, '2024-08-15 17:29:14', '2024-08-15 17:23:03', 24.00, 1),
(430, 10, '2024-08-15 17:15:04', '2024-08-15 17:19:34', 25.00, 1),
(431, 11, '2024-08-15 17:15:46', '2024-08-15 17:15:25', 28.00, 1),
(432, 12, '2024-08-15 17:19:40', '2024-08-15 17:20:43', 26.00, 1),
(433, 13, '2024-08-15 17:24:30', '2024-08-15 17:27:14', 21.00, 1),
(434, 14, '2024-08-15 17:18:52', '2024-08-15 17:27:13', 15.00, 1),
(435, 15, '2024-08-15 17:23:36', '2024-08-15 17:19:55', 25.00, 1),
(436, 16, '2024-08-15 17:25:44', '2024-08-15 17:25:16', 20.00, 1),
(437, 17, '2024-08-15 17:24:05', '2024-08-15 17:15:30', 25.00, 1),
(438, 18, '2024-08-15 17:24:31', '2024-08-15 17:24:37', 24.00, 1),
(439, 19, '2024-08-15 17:18:53', '2024-08-15 17:18:38', 21.00, 1),
(440, 20, '2024-08-15 17:24:38', '2024-08-15 17:15:52', 25.00, 1),
(441, 21, '2024-08-15 17:25:14', '2024-08-15 17:28:50', 15.00, 1),
(442, 22, '2024-08-15 17:16:43', '2024-08-15 17:29:08', 30.00, 1),
(443, 23, '2024-08-15 17:19:34', '2024-08-15 17:20:32', 23.00, 1),
(444, 24, '2024-08-15 17:19:26', '2024-08-15 17:25:56', 24.00, 1),
(445, 25, '2024-08-15 17:27:58', '2024-08-15 17:18:06', 24.00, 1),
(446, 26, '2024-08-15 17:17:29', '2024-08-15 17:28:15', 29.00, 1),
(447, 27, '2024-08-15 17:23:39', '2024-08-15 17:29:11', 17.00, 1),
(448, 28, '2024-08-15 17:28:49', '2024-08-15 17:24:31', 17.00, 1),
(449, 29, '2024-08-15 17:29:18', '2024-08-15 17:22:11', 18.00, 1),
(450, 30, '2024-08-15 17:27:52', '2024-08-15 17:29:26', 19.00, 1),
(451, 1, '2024-08-16 17:22:23', '2024-08-16 17:17:28', 18.00, 1),
(452, 2, '2024-08-16 17:27:02', '2024-08-16 17:27:45', 25.00, 1),
(453, 3, '2024-08-16 17:28:19', '2024-08-16 17:18:35', 30.00, 1),
(454, 4, '2024-08-16 17:24:40', '2024-08-16 17:27:02', 30.00, 1),
(455, 5, '2024-08-16 17:22:27', '2024-08-16 17:29:00', 16.00, 1),
(456, 6, '2024-08-16 17:24:26', '2024-08-16 17:19:59', 29.00, 1),
(457, 7, '2024-08-16 17:20:52', '2024-08-16 17:16:24', 18.00, 1),
(458, 8, '2024-08-16 17:29:05', '2024-08-16 17:22:13', 23.00, 1),
(459, 9, '2024-08-16 17:16:35', '2024-08-16 17:25:33', 28.00, 1),
(460, 10, '2024-08-16 17:16:41', '2024-08-16 17:20:43', 26.00, 1),
(461, 11, '2024-08-16 17:17:49', '2024-08-16 17:17:40', 16.00, 1),
(462, 12, '2024-08-16 17:27:16', '2024-08-16 17:29:35', 16.00, 1),
(463, 13, '2024-08-16 17:22:35', '2024-08-16 17:24:40', 24.00, 1),
(464, 14, '2024-08-16 17:16:28', '2024-08-16 17:23:32', 15.00, 1),
(465, 15, '2024-08-16 17:18:48', '2024-08-16 17:23:17', 20.00, 1),
(466, 16, '2024-08-16 17:25:33', '2024-08-16 17:26:55', 29.00, 1),
(467, 17, '2024-08-16 17:26:12', '2024-08-16 17:24:33', 28.00, 1),
(468, 18, '2024-08-16 17:15:45', '2024-08-16 17:29:52', 15.00, 1),
(469, 19, '2024-08-16 17:21:19', '2024-08-16 17:28:01', 27.00, 1),
(470, 20, '2024-08-16 17:29:56', '2024-08-16 17:25:05', 28.00, 1),
(471, 21, '2024-08-16 17:27:20', '2024-08-16 17:19:42', 24.00, 1),
(472, 22, '2024-08-16 17:29:55', '2024-08-16 17:18:31', 19.00, 1),
(473, 23, '2024-08-16 17:27:37', '2024-08-16 17:27:13', 19.00, 1),
(474, 24, '2024-08-16 17:18:42', '2024-08-16 17:27:45', 30.00, 1),
(475, 25, '2024-08-16 17:17:41', '2024-08-16 17:29:22', 20.00, 1),
(476, 26, '2024-08-16 17:17:06', '2024-08-16 17:17:52', 16.00, 1),
(477, 27, '2024-08-16 17:21:57', '2024-08-16 17:24:03', 20.00, 1),
(478, 28, '2024-08-16 17:17:03', '2024-08-16 17:25:31', 20.00, 1),
(479, 29, '2024-08-16 17:27:11', '2024-08-16 17:20:22', 25.00, 1),
(480, 30, '2024-08-16 17:28:57', '2024-08-16 17:18:18', 29.00, 1),
(481, 1, '2024-08-17 17:29:00', '2024-08-17 17:27:37', 23.00, 1),
(482, 2, '2024-08-17 17:26:10', '2024-08-17 17:19:01', 26.00, 1),
(483, 3, '2024-08-17 17:15:14', '2024-08-17 17:28:37', 26.00, 1),
(484, 4, '2024-08-17 17:26:27', '2024-08-17 17:23:18', 26.00, 1),
(485, 5, '2024-08-17 17:20:46', '2024-08-17 17:23:10', 18.00, 1),
(486, 6, '2024-08-17 17:20:37', '2024-08-17 17:19:59', 25.00, 1),
(487, 7, '2024-08-17 17:18:03', '2024-08-17 17:19:05', 30.00, 1),
(488, 8, '2024-08-17 17:22:52', '2024-08-17 17:27:22', 19.00, 1),
(489, 9, '2024-08-17 17:24:37', '2024-08-17 17:24:26', 18.00, 1),
(490, 10, '2024-08-17 17:29:47', '2024-08-17 17:28:14', 25.00, 1),
(491, 11, '2024-08-17 17:17:04', '2024-08-17 17:20:28', 29.00, 1),
(492, 12, '2024-08-17 17:18:09', '2024-08-17 17:22:18', 23.00, 1),
(493, 13, '2024-08-17 17:28:54', '2024-08-17 17:25:24', 20.00, 1),
(494, 14, '2024-08-17 17:15:35', '2024-08-17 17:28:51', 26.00, 1),
(495, 15, '2024-08-17 17:20:13', '2024-08-17 17:21:48', 27.00, 1),
(496, 16, '2024-08-17 17:18:11', '2024-08-17 17:16:50', 23.00, 1),
(497, 17, '2024-08-17 17:15:35', '2024-08-17 17:26:21', 15.00, 1),
(498, 18, '2024-08-17 17:26:53', '2024-08-17 17:24:31', 16.00, 1),
(499, 19, '2024-08-17 17:28:17', '2024-08-17 17:26:48', 15.00, 1),
(500, 20, '2024-08-17 17:15:49', '2024-08-17 17:16:43', 26.00, 1),
(501, 21, '2024-08-17 17:21:12', '2024-08-17 17:24:38', 29.00, 1),
(502, 22, '2024-08-17 17:22:42', '2024-08-17 17:16:32', 23.00, 1),
(503, 23, '2024-08-17 17:17:23', '2024-08-17 17:17:54', 28.00, 1),
(504, 24, '2024-08-17 17:29:56', '2024-08-17 17:27:21', 17.00, 1),
(505, 25, '2024-08-17 17:21:05', '2024-08-17 17:16:12', 25.00, 1),
(506, 26, '2024-08-17 17:26:09', '2024-08-17 17:28:44', 30.00, 1),
(507, 27, '2024-08-17 17:15:11', '2024-08-17 17:16:55', 25.00, 1),
(508, 28, '2024-08-17 17:19:39', '2024-08-17 17:18:24', 20.00, 1),
(509, 29, '2024-08-17 17:19:05', '2024-08-17 17:27:00', 23.00, 1),
(510, 30, '2024-08-17 17:15:36', '2024-08-17 17:15:10', 25.00, 1),
(511, 1, '2024-08-18 17:15:50', '2024-08-18 17:28:21', 26.00, 1),
(512, 2, '2024-08-18 17:16:50', '2024-08-18 17:27:50', 30.00, 1),
(513, 3, '2024-08-18 17:26:23', '2024-08-18 17:23:27', 15.00, 1),
(514, 4, '2024-08-18 17:17:48', '2024-08-18 17:29:26', 20.00, 1),
(515, 5, '2024-08-18 17:16:44', '2024-08-18 17:22:10', 27.00, 1),
(516, 6, '2024-08-18 17:17:59', '2024-08-18 17:22:26', 29.00, 1),
(517, 7, '2024-08-18 17:15:02', '2024-08-18 17:16:43', 22.00, 1),
(518, 8, '2024-08-18 17:24:25', '2024-08-18 17:20:23', 22.00, 1),
(519, 9, '2024-08-18 17:21:43', '2024-08-18 17:23:34', 28.00, 1),
(520, 10, '2024-08-18 17:19:37', '2024-08-18 17:18:32', 24.00, 1),
(521, 11, '2024-08-18 17:28:51', '2024-08-18 17:26:10', 23.00, 1),
(522, 12, '2024-08-18 17:19:15', '2024-08-18 17:21:38', 22.00, 1),
(523, 13, '2024-08-18 17:25:22', '2024-08-18 17:26:38', 26.00, 1),
(524, 14, '2024-08-18 17:22:37', '2024-08-18 17:17:27', 30.00, 1),
(525, 15, '2024-08-18 17:18:22', '2024-08-18 17:19:36', 20.00, 1),
(526, 16, '2024-08-18 17:25:58', '2024-08-18 17:25:28', 21.00, 1),
(527, 17, '2024-08-18 17:24:19', '2024-08-18 17:19:37', 22.00, 1),
(528, 18, '2024-08-18 17:27:16', '2024-08-18 17:19:57', 15.00, 1),
(529, 19, '2024-08-18 17:29:35', '2024-08-18 17:15:38', 20.00, 1),
(530, 20, '2024-08-18 17:19:26', '2024-08-18 17:23:59', 26.00, 1),
(531, 21, '2024-08-18 17:21:33', '2024-08-18 17:25:46', 18.00, 1),
(532, 22, '2024-08-18 17:23:03', '2024-08-18 17:29:52', 26.00, 1),
(533, 23, '2024-08-18 17:24:40', '2024-08-18 17:27:25', 23.00, 1),
(534, 24, '2024-08-18 17:20:51', '2024-08-18 17:16:31', 21.00, 1),
(535, 25, '2024-08-18 17:21:29', '2024-08-18 17:17:14', 27.00, 1),
(536, 26, '2024-08-18 17:22:42', '2024-08-18 17:28:02', 21.00, 1),
(537, 27, '2024-08-18 17:27:24', '2024-08-18 17:19:25', 16.00, 1),
(538, 28, '2024-08-18 17:21:48', '2024-08-18 17:20:59', 30.00, 1),
(539, 29, '2024-08-18 17:15:29', '2024-08-18 17:17:32', 18.00, 1),
(540, 30, '2024-08-18 17:25:59', '2024-08-18 17:29:29', 19.00, 1),
(541, 1, '2024-08-19 17:17:45', '2024-08-19 17:28:11', 23.00, 1),
(542, 2, '2024-08-19 17:24:16', '2024-08-19 17:15:25', 20.00, 1),
(543, 3, '2024-08-19 17:25:45', '2024-08-19 17:16:40', 26.00, 1),
(544, 4, '2024-08-19 17:26:36', '2024-08-19 17:17:50', 24.00, 1),
(545, 5, '2024-08-19 17:24:26', '2024-08-19 17:27:30', 29.00, 1),
(546, 6, '2024-08-19 17:21:52', '2024-08-19 17:17:45', 17.00, 1),
(547, 7, '2024-08-19 17:26:22', '2024-08-19 17:25:20', 27.00, 1),
(548, 8, '2024-08-19 17:18:24', '2024-08-19 17:20:31', 26.00, 1),
(549, 9, '2024-08-19 17:16:47', '2024-08-19 17:17:32', 29.00, 1),
(550, 10, '2024-08-19 17:26:58', '2024-08-19 17:27:06', 27.00, 1),
(551, 11, '2024-08-19 17:29:11', '2024-08-19 17:29:47', 22.00, 1),
(552, 12, '2024-08-19 17:20:22', '2024-08-19 17:29:43', 18.00, 1),
(553, 13, '2024-08-19 17:27:30', '2024-08-19 17:23:49', 21.00, 1),
(554, 14, '2024-08-19 17:16:46', '2024-08-19 17:22:26', 17.00, 1),
(555, 15, '2024-08-19 17:19:53', '2024-08-19 17:22:44', 22.00, 1),
(556, 16, '2024-08-19 17:15:19', '2024-08-19 17:16:34', 30.00, 1),
(557, 17, '2024-08-19 17:17:42', '2024-08-19 17:19:41', 17.00, 1),
(558, 18, '2024-08-19 17:25:24', '2024-08-19 17:18:37', 29.00, 1),
(559, 19, '2024-08-19 17:23:19', '2024-08-19 17:26:48', 30.00, 1),
(560, 20, '2024-08-19 17:27:25', '2024-08-19 17:28:52', 29.00, 1),
(561, 21, '2024-08-19 17:16:49', '2024-08-19 17:18:13', 29.00, 1),
(562, 22, '2024-08-19 17:25:50', '2024-08-19 17:16:33', 22.00, 1),
(563, 23, '2024-08-19 17:17:32', '2024-08-19 17:22:59', 17.00, 1),
(564, 24, '2024-08-19 17:21:40', '2024-08-19 17:24:10', 27.00, 1),
(565, 25, '2024-08-19 17:17:17', '2024-08-19 17:19:12', 29.00, 1),
(566, 26, '2024-08-19 17:29:42', '2024-08-19 17:27:19', 20.00, 1),
(567, 27, '2024-08-19 17:24:38', '2024-08-19 17:24:39', 23.00, 1),
(568, 28, '2024-08-19 17:15:28', '2024-08-19 17:20:16', 18.00, 1),
(569, 29, '2024-08-19 17:24:34', '2024-08-19 17:26:35', 21.00, 1),
(570, 30, '2024-08-19 17:19:06', '2024-08-19 17:20:16', 24.00, 1),
(571, 1, '2024-08-20 17:27:37', '2024-08-20 17:23:23', 26.00, 1),
(572, 2, '2024-08-20 17:20:05', '2024-08-20 17:23:37', 23.00, 1),
(573, 3, '2024-08-20 17:15:35', '2024-08-20 17:28:45', 24.00, 1),
(574, 4, '2024-08-20 17:17:10', '2024-08-20 17:18:46', 20.00, 1),
(575, 5, '2024-08-20 17:23:22', '2024-08-20 17:29:48', 20.00, 1),
(576, 6, '2024-08-20 17:15:52', '2024-08-20 17:19:35', 28.00, 1),
(577, 7, '2024-08-20 17:19:21', '2024-08-20 17:20:13', 19.00, 1),
(578, 8, '2024-08-20 17:28:08', '2024-08-20 17:28:03', 15.00, 1),
(579, 9, '2024-08-20 17:17:38', '2024-08-20 17:26:55', 28.00, 1),
(580, 10, '2024-08-20 17:25:33', '2024-08-20 17:19:35', 17.00, 1),
(581, 11, '2024-08-20 17:24:13', '2024-08-20 17:28:58', 19.00, 1),
(582, 12, '2024-08-20 17:21:24', '2024-08-20 17:29:54', 21.00, 1),
(583, 13, '2024-08-20 17:21:46', '2024-08-20 17:27:31', 24.00, 1),
(584, 14, '2024-08-20 17:20:41', '2024-08-20 17:23:09', 19.00, 1),
(585, 15, '2024-08-20 17:28:02', '2024-08-20 17:29:35', 20.00, 1),
(586, 16, '2024-08-20 17:18:07', '2024-08-20 17:23:27', 19.00, 1),
(587, 17, '2024-08-20 17:20:09', '2024-08-20 17:19:12', 15.00, 1),
(588, 18, '2024-08-20 17:17:22', '2024-08-20 17:24:39', 27.00, 1),
(589, 19, '2024-08-20 17:17:02', '2024-08-20 17:28:21', 23.00, 1),
(590, 20, '2024-08-20 17:22:54', '2024-08-20 17:19:08', 17.00, 1),
(591, 21, '2024-08-20 17:21:21', '2024-08-20 17:17:14', 29.00, 1),
(592, 22, '2024-08-20 17:19:08', '2024-08-20 17:17:44', 28.00, 1),
(593, 23, '2024-08-20 17:15:31', '2024-08-20 17:23:46', 20.00, 1),
(594, 24, '2024-08-20 17:23:17', '2024-08-20 17:24:52', 18.00, 1),
(595, 25, '2024-08-20 17:18:03', '2024-08-20 17:15:09', 18.00, 1),
(596, 26, '2024-08-20 17:24:01', '2024-08-20 17:23:12', 15.00, 1),
(597, 27, '2024-08-20 17:17:30', '2024-08-20 17:19:35', 18.00, 1),
(598, 28, '2024-08-20 17:29:39', '2024-08-20 17:29:40', 28.00, 1),
(599, 29, '2024-08-20 17:15:35', '2024-08-20 17:27:45', 16.00, 1),
(600, 30, '2024-08-20 17:28:13', '2024-08-20 17:25:14', 27.00, 1),
(601, 1, '2024-08-21 17:16:50', '2024-08-21 17:23:49', 16.00, 1),
(602, 2, '2024-08-21 17:26:00', '2024-08-21 17:18:08', 24.00, 1),
(603, 3, '2024-08-21 17:20:17', '2024-08-21 17:16:31', 30.00, 1),
(604, 4, '2024-08-21 17:17:06', '2024-08-21 17:23:04', 26.00, 1),
(605, 5, '2024-08-21 17:27:35', '2024-08-21 17:24:41', 24.00, 1),
(606, 6, '2024-08-21 17:20:20', '2024-08-21 17:19:14', 29.00, 1),
(607, 7, '2024-08-21 17:24:17', '2024-08-21 17:29:48', 21.00, 1),
(608, 8, '2024-08-21 17:19:34', '2024-08-21 17:28:57', 29.00, 1),
(609, 9, '2024-08-21 17:20:14', '2024-08-21 17:23:24', 16.00, 1),
(610, 10, '2024-08-21 17:23:06', '2024-08-21 17:27:57', 29.00, 1),
(611, 11, '2024-08-21 17:17:03', '2024-08-21 17:24:00', 17.00, 1),
(612, 12, '2024-08-21 17:27:59', '2024-08-21 17:29:44', 25.00, 1),
(613, 13, '2024-08-21 17:27:46', '2024-08-21 17:29:56', 16.00, 1),
(614, 14, '2024-08-21 17:27:54', '2024-08-21 17:17:18', 22.00, 1),
(615, 15, '2024-08-21 17:16:42', '2024-08-21 17:21:03', 17.00, 1),
(616, 16, '2024-08-21 17:26:20', '2024-08-21 17:22:49', 16.00, 1),
(617, 17, '2024-08-21 17:18:55', '2024-08-21 17:22:14', 26.00, 1),
(618, 18, '2024-08-21 17:29:47', '2024-08-21 17:25:54', 18.00, 1),
(619, 19, '2024-08-21 17:20:17', '2024-08-21 17:19:37', 22.00, 1),
(620, 20, '2024-08-21 17:24:52', '2024-08-21 17:20:52', 26.00, 1),
(621, 21, '2024-08-21 17:26:11', '2024-08-21 17:23:56', 29.00, 1),
(622, 22, '2024-08-21 17:25:31', '2024-08-21 17:25:12', 22.00, 1),
(623, 23, '2024-08-21 17:19:16', '2024-08-21 17:29:54', 24.00, 1),
(624, 24, '2024-08-21 17:19:46', '2024-08-21 17:19:47', 19.00, 1),
(625, 25, '2024-08-21 17:17:02', '2024-08-21 17:23:08', 29.00, 1),
(626, 26, '2024-08-21 17:28:10', '2024-08-21 17:15:49', 15.00, 1),
(627, 27, '2024-08-21 17:24:15', '2024-08-21 17:22:33', 28.00, 1),
(628, 28, '2024-08-21 17:28:32', '2024-08-21 17:25:21', 25.00, 1),
(629, 29, '2024-08-21 17:18:46', '2024-08-21 17:21:13', 20.00, 1),
(630, 30, '2024-08-21 17:27:35', '2024-08-21 17:29:58', 21.00, 1),
(631, 1, '2024-08-22 17:18:08', '2024-08-22 17:27:44', 23.00, 1),
(632, 2, '2024-08-22 17:20:04', '2024-08-22 17:25:10', 28.00, 1),
(633, 3, '2024-08-22 17:18:31', '2024-08-22 17:22:12', 15.00, 1),
(634, 4, '2024-08-22 17:21:07', '2024-08-22 17:20:05', 20.00, 1),
(635, 5, '2024-08-22 17:27:51', '2024-08-22 17:19:19', 22.00, 1),
(636, 6, '2024-08-22 17:26:22', '2024-08-22 17:23:16', 27.00, 1),
(637, 7, '2024-08-22 17:21:06', '2024-08-22 17:27:48', 25.00, 1),
(638, 8, '2024-08-22 17:29:10', '2024-08-22 17:20:04', 19.00, 1),
(639, 9, '2024-08-22 17:21:18', '2024-08-22 17:28:48', 29.00, 1),
(640, 10, '2024-08-22 17:18:55', '2024-08-22 17:25:12', 15.00, 1),
(641, 11, '2024-08-22 17:21:52', '2024-08-22 17:17:14', 21.00, 1),
(642, 12, '2024-08-22 17:29:51', '2024-08-22 17:22:49', 24.00, 1),
(643, 13, '2024-08-22 17:28:46', '2024-08-22 17:29:51', 30.00, 1),
(644, 14, '2024-08-22 17:15:34', '2024-08-22 17:15:27', 16.00, 1),
(645, 15, '2024-08-22 17:29:54', '2024-08-22 17:16:04', 25.00, 1),
(646, 16, '2024-08-22 17:24:24', '2024-08-22 17:19:10', 26.00, 1),
(647, 17, '2024-08-22 17:25:18', '2024-08-22 17:28:31', 23.00, 1),
(648, 18, '2024-08-22 17:16:01', '2024-08-22 17:25:47', 27.00, 1),
(649, 19, '2024-08-22 17:19:06', '2024-08-22 17:27:02', 23.00, 1),
(650, 20, '2024-08-22 17:23:06', '2024-08-22 17:16:01', 21.00, 1),
(651, 21, '2024-08-22 17:20:43', '2024-08-22 17:29:37', 26.00, 1),
(652, 22, '2024-08-22 17:20:20', '2024-08-22 17:25:43', 21.00, 1),
(653, 23, '2024-08-22 17:24:56', '2024-08-22 17:15:27', 26.00, 1),
(654, 24, '2024-08-22 17:19:43', '2024-08-22 17:18:20', 17.00, 1),
(655, 25, '2024-08-22 17:18:59', '2024-08-22 17:22:53', 24.00, 1),
(656, 26, '2024-08-22 17:26:19', '2024-08-22 17:23:05', 23.00, 1),
(657, 27, '2024-08-22 17:28:19', '2024-08-22 17:17:31', 21.00, 1),
(658, 28, '2024-08-22 17:21:48', '2024-08-22 17:21:29', 26.00, 1),
(659, 29, '2024-08-22 17:24:37', '2024-08-22 17:15:41', 21.00, 1),
(660, 30, '2024-08-22 17:21:54', '2024-08-22 17:18:09', 26.00, 1),
(661, 1, '2024-08-23 17:19:35', '2024-08-23 17:23:11', 21.00, 1),
(662, 2, '2024-08-23 17:24:46', '2024-08-23 17:27:34', 25.00, 1),
(663, 3, '2024-08-23 17:15:14', '2024-08-23 17:28:42', 28.00, 1),
(664, 4, '2024-08-23 17:28:05', '2024-08-23 17:20:16', 25.00, 1),
(665, 5, '2024-08-23 17:28:43', '2024-08-23 17:25:20', 21.00, 1),
(666, 6, '2024-08-23 17:27:04', '2024-08-23 17:15:29', 25.00, 1),
(667, 7, '2024-08-23 17:29:49', '2024-08-23 17:19:04', 17.00, 1),
(668, 8, '2024-08-23 17:20:05', '2024-08-23 17:26:29', 26.00, 1),
(669, 9, '2024-08-23 17:15:16', '2024-08-23 17:23:42', 22.00, 1),
(670, 10, '2024-08-23 17:16:54', '2024-08-23 17:26:36', 16.00, 1),
(671, 11, '2024-08-23 17:20:29', '2024-08-23 17:17:07', 24.00, 1),
(672, 12, '2024-08-23 17:29:47', '2024-08-23 17:18:13', 30.00, 1),
(673, 13, '2024-08-23 17:19:15', '2024-08-23 17:21:48', 26.00, 1),
(674, 14, '2024-08-23 17:25:35', '2024-08-23 17:28:22', 15.00, 1),
(675, 15, '2024-08-23 17:18:53', '2024-08-23 17:25:48', 30.00, 1),
(676, 16, '2024-08-23 17:24:37', '2024-08-23 17:15:42', 21.00, 1),
(677, 17, '2024-08-23 17:29:27', '2024-08-23 17:25:09', 22.00, 1),
(678, 18, '2024-08-23 17:18:51', '2024-08-23 17:26:02', 20.00, 1),
(679, 19, '2024-08-23 17:19:05', '2024-08-23 17:23:14', 30.00, 1),
(680, 20, '2024-08-23 17:28:11', '2024-08-23 17:26:23', 23.00, 1),
(681, 21, '2024-08-23 17:27:06', '2024-08-23 17:29:02', 22.00, 1),
(682, 22, '2024-08-23 17:26:58', '2024-08-23 17:21:51', 16.00, 1),
(683, 23, '2024-08-23 17:27:18', '2024-08-23 17:17:58', 16.00, 1),
(684, 24, '2024-08-23 17:21:12', '2024-08-23 17:22:05', 18.00, 1),
(685, 25, '2024-08-23 17:15:43', '2024-08-23 17:17:20', 26.00, 1),
(686, 26, '2024-08-23 17:18:11', '2024-08-23 17:19:36', 24.00, 1),
(687, 27, '2024-08-23 17:22:17', '2024-08-23 17:22:25', 24.00, 1),
(688, 28, '2024-08-23 17:24:37', '2024-08-23 17:18:30', 23.00, 1),
(689, 29, '2024-08-23 17:29:44', '2024-08-23 17:16:19', 18.00, 1),
(690, 30, '2024-08-23 17:28:45', '2024-08-23 17:23:17', 21.00, 1),
(691, 1, '2024-08-24 17:17:40', '2024-08-24 17:16:34', 25.00, 1),
(692, 2, '2024-08-24 17:15:17', '2024-08-24 17:25:44', 22.00, 1),
(693, 3, '2024-08-24 17:24:56', '2024-08-24 17:23:13', 16.00, 1),
(694, 4, '2024-08-24 17:16:17', '2024-08-24 17:27:21', 28.00, 1),
(695, 5, '2024-08-24 17:16:50', '2024-08-24 17:18:09', 27.00, 1),
(696, 6, '2024-08-24 17:16:44', '2024-08-24 17:22:00', 23.00, 1),
(697, 7, '2024-08-24 17:26:13', '2024-08-24 17:22:23', 25.00, 1),
(698, 8, '2024-08-24 17:23:31', '2024-08-24 17:29:54', 19.00, 1),
(699, 9, '2024-08-24 17:22:26', '2024-08-24 17:23:41', 19.00, 1),
(700, 10, '2024-08-24 17:23:51', '2024-08-24 17:17:54', 21.00, 1),
(701, 11, '2024-08-24 17:24:27', '2024-08-24 17:22:12', 16.00, 1),
(702, 12, '2024-08-24 17:18:23', '2024-08-24 17:18:10', 19.00, 1),
(703, 13, '2024-08-24 17:27:53', '2024-08-24 17:16:01', 24.00, 1),
(704, 14, '2024-08-24 17:16:37', '2024-08-24 17:18:53', 16.00, 1),
(705, 15, '2024-08-24 17:16:45', '2024-08-24 17:29:35', 24.00, 1),
(706, 16, '2024-08-24 17:24:42', '2024-08-24 17:29:46', 30.00, 1),
(707, 17, '2024-08-24 17:23:17', '2024-08-24 17:17:34', 22.00, 1),
(708, 18, '2024-08-24 17:15:13', '2024-08-24 17:29:29', 15.00, 1),
(709, 19, '2024-08-24 17:24:02', '2024-08-24 17:24:52', 22.00, 1),
(710, 20, '2024-08-24 17:17:02', '2024-08-24 17:22:55', 24.00, 1),
(711, 21, '2024-08-24 17:29:52', '2024-08-24 17:29:35', 23.00, 1),
(712, 22, '2024-08-24 17:17:46', '2024-08-24 17:29:52', 15.00, 1),
(713, 23, '2024-08-24 17:19:13', '2024-08-24 17:29:05', 21.00, 1),
(714, 24, '2024-08-24 17:27:37', '2024-08-24 17:15:10', 25.00, 1),
(715, 25, '2024-08-24 17:29:39', '2024-08-24 17:16:04', 30.00, 1),
(716, 26, '2024-08-24 17:17:35', '2024-08-24 17:29:55', 19.00, 1),
(717, 27, '2024-08-24 17:18:11', '2024-08-24 17:24:13', 19.00, 1),
(718, 28, '2024-08-24 17:17:47', '2024-08-24 17:26:06', 22.00, 1),
(719, 29, '2024-08-24 17:16:35', '2024-08-24 17:19:55', 25.00, 1),
(720, 30, '2024-08-24 17:20:19', '2024-08-24 17:27:45', 21.00, 1),
(721, 1, '2024-08-25 17:16:38', '2024-08-25 17:29:14', 18.00, 1),
(722, 2, '2024-08-25 17:27:30', '2024-08-25 17:16:28', 25.00, 1),
(723, 3, '2024-08-25 17:24:22', '2024-08-25 17:28:53', 30.00, 1),
(724, 4, '2024-08-25 17:24:39', '2024-08-25 17:23:23', 25.00, 1),
(725, 5, '2024-08-25 17:20:39', '2024-08-25 17:16:36', 26.00, 1),
(726, 6, '2024-08-25 17:25:31', '2024-08-25 17:23:41', 18.00, 1),
(727, 7, '2024-08-25 17:20:29', '2024-08-25 17:21:32', 16.00, 1),
(728, 8, '2024-08-25 17:28:40', '2024-08-25 17:26:33', 19.00, 1),
(729, 9, '2024-08-25 17:28:08', '2024-08-25 17:23:20', 16.00, 1),
(730, 10, '2024-08-25 17:24:17', '2024-08-25 17:28:52', 15.00, 1),
(731, 11, '2024-08-25 17:22:19', '2024-08-25 17:21:06', 25.00, 1),
(732, 12, '2024-08-25 17:26:36', '2024-08-25 17:23:22', 25.00, 1),
(733, 13, '2024-08-25 17:18:54', '2024-08-25 17:22:23', 29.00, 1),
(734, 14, '2024-08-25 17:24:28', '2024-08-25 17:29:22', 24.00, 1),
(735, 15, '2024-08-25 17:28:26', '2024-08-25 17:17:40', 22.00, 1),
(736, 16, '2024-08-25 17:24:55', '2024-08-25 17:17:01', 16.00, 1),
(737, 17, '2024-08-25 17:19:12', '2024-08-25 17:21:02', 25.00, 1),
(738, 18, '2024-08-25 17:19:41', '2024-08-25 17:26:29', 17.00, 1),
(739, 19, '2024-08-25 17:17:24', '2024-08-25 17:17:55', 29.00, 1),
(740, 20, '2024-08-25 17:29:57', '2024-08-25 17:16:59', 30.00, 1),
(741, 21, '2024-08-25 17:21:34', '2024-08-25 17:24:51', 29.00, 1),
(742, 22, '2024-08-25 17:29:07', '2024-08-25 17:15:20', 21.00, 1),
(743, 23, '2024-08-25 17:25:27', '2024-08-25 17:29:06', 18.00, 1),
(744, 24, '2024-08-25 17:23:30', '2024-08-25 17:27:14', 22.00, 1),
(745, 25, '2024-08-25 17:20:30', '2024-08-25 17:21:39', 19.00, 1),
(746, 26, '2024-08-25 17:22:12', '2024-08-25 17:17:19', 18.00, 1),
(747, 27, '2024-08-25 17:28:19', '2024-08-25 17:19:45', 25.00, 1),
(748, 28, '2024-08-25 17:26:36', '2024-08-25 17:27:44', 16.00, 1),
(749, 29, '2024-08-25 17:18:11', '2024-08-25 17:20:04', 19.00, 1),
(750, 30, '2024-08-25 17:23:13', '2024-08-25 17:21:17', 30.00, 1),
(751, 1, '2024-08-26 17:26:04', '2024-08-26 17:19:19', 19.00, 1),
(752, 2, '2024-08-26 17:23:28', '2024-08-26 17:23:54', 24.00, 1),
(753, 3, '2024-08-26 17:20:19', '2024-08-26 17:23:52', 25.00, 1),
(754, 4, '2024-08-26 17:16:50', '2024-08-26 17:23:59', 20.00, 1),
(755, 5, '2024-08-26 17:29:55', '2024-08-26 17:20:52', 25.00, 1),
(756, 6, '2024-08-26 17:22:35', '2024-08-26 17:20:16', 17.00, 1),
(757, 7, '2024-08-26 17:27:48', '2024-08-26 17:18:44', 26.00, 1),
(758, 8, '2024-08-26 17:15:44', '2024-08-26 17:25:58', 20.00, 1),
(759, 9, '2024-08-26 17:18:30', '2024-08-26 17:29:28', 26.00, 1),
(760, 10, '2024-08-26 17:26:57', '2024-08-26 17:15:28', 27.00, 1),
(761, 11, '2024-08-26 17:26:57', '2024-08-26 17:28:08', 20.00, 1),
(762, 12, '2024-08-26 17:23:51', '2024-08-26 17:15:08', 20.00, 1),
(763, 13, '2024-08-26 17:16:04', '2024-08-26 17:29:20', 29.00, 1),
(764, 14, '2024-08-26 17:26:32', '2024-08-26 17:21:01', 19.00, 1),
(765, 15, '2024-08-26 17:25:44', '2024-08-26 17:25:16', 20.00, 1),
(766, 16, '2024-08-26 17:29:52', '2024-08-26 17:25:24', 21.00, 1),
(767, 17, '2024-08-26 17:24:35', '2024-08-26 17:23:16', 23.00, 1),
(768, 18, '2024-08-26 17:19:38', '2024-08-26 17:20:54', 15.00, 1),
(769, 19, '2024-08-26 17:19:09', '2024-08-26 17:27:47', 24.00, 1),
(770, 20, '2024-08-26 17:19:33', '2024-08-26 17:17:45', 22.00, 1),
(771, 21, '2024-08-26 17:15:09', '2024-08-26 17:16:10', 24.00, 1),
(772, 22, '2024-08-26 17:22:14', '2024-08-26 17:28:53', 16.00, 1);
INSERT INTO `milk` (`id`, `cattle_id`, `milking_start_time`, `milking_stop_time`, `milk_amount`, `milking_id`) VALUES
(773, 23, '2024-08-26 17:27:42', '2024-08-26 17:17:45', 20.00, 1),
(774, 24, '2024-08-26 17:19:32', '2024-08-26 17:21:16', 25.00, 1),
(775, 25, '2024-08-26 17:21:40', '2024-08-26 17:19:50', 22.00, 1),
(776, 26, '2024-08-26 17:19:07', '2024-08-26 17:29:28', 16.00, 1),
(777, 27, '2024-08-26 17:29:35', '2024-08-26 17:24:27', 19.00, 1),
(778, 28, '2024-08-26 17:15:42', '2024-08-26 17:15:53', 24.00, 1),
(779, 29, '2024-08-26 17:16:27', '2024-08-26 17:19:55', 27.00, 1),
(780, 30, '2024-08-26 17:25:47', '2024-08-26 17:26:18', 27.00, 1),
(781, 1, '2024-08-27 17:16:35', '2024-08-27 17:28:33', 19.00, 1),
(782, 2, '2024-08-27 17:16:09', '2024-08-27 17:21:32', 21.00, 1),
(783, 3, '2024-08-27 17:20:27', '2024-08-27 17:26:04', 27.00, 1),
(784, 4, '2024-08-27 17:24:55', '2024-08-27 17:25:41', 27.00, 1),
(785, 5, '2024-08-27 17:29:01', '2024-08-27 17:24:01', 18.00, 1),
(786, 6, '2024-08-27 17:25:16', '2024-08-27 17:24:05', 15.00, 1),
(787, 7, '2024-08-27 17:27:54', '2024-08-27 17:23:21', 20.00, 1),
(788, 8, '2024-08-27 17:23:26', '2024-08-27 17:26:09', 29.00, 1),
(789, 9, '2024-08-27 17:16:04', '2024-08-27 17:18:27', 15.00, 1),
(790, 10, '2024-08-27 17:17:08', '2024-08-27 17:28:20', 21.00, 1),
(791, 11, '2024-08-27 17:24:43', '2024-08-27 17:16:05', 29.00, 1),
(792, 12, '2024-08-27 17:24:36', '2024-08-27 17:17:47', 22.00, 1),
(793, 13, '2024-08-27 17:29:44', '2024-08-27 17:29:22', 20.00, 1),
(794, 14, '2024-08-27 17:17:03', '2024-08-27 17:18:39', 19.00, 1),
(795, 15, '2024-08-27 17:18:10', '2024-08-27 17:23:54', 29.00, 1),
(796, 16, '2024-08-27 17:25:29', '2024-08-27 17:20:09', 16.00, 1),
(797, 17, '2024-08-27 17:27:32', '2024-08-27 17:25:16', 23.00, 1),
(798, 18, '2024-08-27 17:26:26', '2024-08-27 17:17:05', 25.00, 1),
(799, 19, '2024-08-27 17:23:38', '2024-08-27 17:18:01', 27.00, 1),
(800, 20, '2024-08-27 17:18:08', '2024-08-27 17:15:54', 18.00, 1),
(801, 21, '2024-08-27 17:20:51', '2024-08-27 17:27:59', 17.00, 1),
(802, 22, '2024-08-27 17:27:15', '2024-08-27 17:18:13', 22.00, 1),
(803, 23, '2024-08-27 17:20:46', '2024-08-27 17:20:08', 27.00, 1),
(804, 24, '2024-08-27 17:19:55', '2024-08-27 17:24:19', 26.00, 1),
(805, 25, '2024-08-27 17:15:09', '2024-08-27 17:28:03', 30.00, 1),
(806, 26, '2024-08-27 17:19:55', '2024-08-27 17:27:17', 16.00, 1),
(807, 27, '2024-08-27 17:18:57', '2024-08-27 17:15:37', 30.00, 1),
(808, 28, '2024-08-27 17:16:40', '2024-08-27 17:29:29', 23.00, 1),
(809, 29, '2024-08-27 17:28:50', '2024-08-27 17:24:48', 23.00, 1),
(810, 30, '2024-08-27 17:20:05', '2024-08-27 17:27:28', 18.00, 1),
(811, 1, '2024-08-28 17:20:07', '2024-08-28 17:16:15', 26.00, 1),
(812, 2, '2024-08-28 17:17:28', '2024-08-28 17:17:57', 28.00, 1),
(813, 3, '2024-08-28 17:26:29', '2024-08-28 17:22:58', 18.00, 1),
(814, 4, '2024-08-28 17:27:24', '2024-08-28 17:25:53', 23.00, 1),
(815, 5, '2024-08-28 17:24:26', '2024-08-28 17:21:02', 21.00, 1),
(816, 6, '2024-08-28 17:22:32', '2024-08-28 17:27:20', 23.00, 1),
(817, 7, '2024-08-28 17:22:36', '2024-08-28 17:15:25', 15.00, 1),
(818, 8, '2024-08-28 17:21:59', '2024-08-28 17:18:58', 28.00, 1),
(819, 9, '2024-08-28 17:28:14', '2024-08-28 17:22:31', 27.00, 1),
(820, 10, '2024-08-28 17:17:33', '2024-08-28 17:27:01', 15.00, 1),
(821, 11, '2024-08-28 17:20:48', '2024-08-28 17:15:00', 18.00, 1),
(822, 12, '2024-08-28 17:25:20', '2024-08-28 17:18:52', 20.00, 1),
(823, 13, '2024-08-28 17:20:13', '2024-08-28 17:27:00', 20.00, 1),
(824, 14, '2024-08-28 17:18:01', '2024-08-28 17:22:37', 17.00, 1),
(825, 15, '2024-08-28 17:26:01', '2024-08-28 17:21:06', 29.00, 1),
(826, 16, '2024-08-28 17:25:58', '2024-08-28 17:22:42', 20.00, 1),
(827, 17, '2024-08-28 17:17:43', '2024-08-28 17:19:26', 27.00, 1),
(828, 18, '2024-08-28 17:21:28', '2024-08-28 17:15:23', 16.00, 1),
(829, 19, '2024-08-28 17:24:21', '2024-08-28 17:28:56', 16.00, 1),
(830, 20, '2024-08-28 17:26:19', '2024-08-28 17:27:46', 21.00, 1),
(831, 21, '2024-08-28 17:18:17', '2024-08-28 17:27:52', 24.00, 1),
(832, 22, '2024-08-28 17:21:05', '2024-08-28 17:17:40', 28.00, 1),
(833, 23, '2024-08-28 17:27:33', '2024-08-28 17:21:04', 20.00, 1),
(834, 24, '2024-08-28 17:20:19', '2024-08-28 17:26:47', 30.00, 1),
(835, 25, '2024-08-28 17:15:16', '2024-08-28 17:25:48', 24.00, 1),
(836, 26, '2024-08-28 17:23:12', '2024-08-28 17:20:44', 18.00, 1),
(837, 27, '2024-08-28 17:25:46', '2024-08-28 17:21:58', 22.00, 1),
(838, 28, '2024-08-28 17:27:38', '2024-08-28 17:18:41', 27.00, 1),
(839, 29, '2024-08-28 17:24:57', '2024-08-28 17:27:01', 25.00, 1),
(840, 30, '2024-08-28 17:29:31', '2024-08-28 17:16:10', 18.00, 1),
(841, 1, '2024-08-29 17:25:09', '2024-08-29 17:19:01', 27.00, 1),
(842, 2, '2024-08-29 17:27:56', '2024-08-29 17:15:08', 19.00, 1),
(843, 3, '2024-08-29 17:21:12', '2024-08-29 17:22:01', 16.00, 1),
(844, 4, '2024-08-29 17:27:00', '2024-08-29 17:29:31', 19.00, 1),
(845, 5, '2024-08-29 17:29:32', '2024-08-29 17:28:12', 28.00, 1),
(846, 6, '2024-08-29 17:24:16', '2024-08-29 17:19:11', 29.00, 1),
(847, 7, '2024-08-29 17:23:18', '2024-08-29 17:19:00', 24.00, 1),
(848, 8, '2024-08-29 17:17:33', '2024-08-29 17:28:38', 21.00, 1),
(849, 9, '2024-08-29 17:27:56', '2024-08-29 17:29:44', 25.00, 1),
(850, 10, '2024-08-29 17:24:24', '2024-08-29 17:29:07', 19.00, 1),
(851, 11, '2024-08-29 17:24:02', '2024-08-29 17:20:09', 23.00, 1),
(852, 12, '2024-08-29 17:23:00', '2024-08-29 17:21:58', 18.00, 1),
(853, 13, '2024-08-29 17:24:04', '2024-08-29 17:21:35', 24.00, 1),
(854, 14, '2024-08-29 17:25:37', '2024-08-29 17:28:12', 26.00, 1),
(855, 15, '2024-08-29 17:18:59', '2024-08-29 17:26:44', 18.00, 1),
(856, 16, '2024-08-29 17:23:01', '2024-08-29 17:17:36', 27.00, 1),
(857, 17, '2024-08-29 17:29:04', '2024-08-29 17:18:09', 24.00, 1),
(858, 18, '2024-08-29 17:17:12', '2024-08-29 17:15:24', 21.00, 1),
(859, 19, '2024-08-29 17:18:48', '2024-08-29 17:26:17', 26.00, 1),
(860, 20, '2024-08-29 17:27:32', '2024-08-29 17:29:27', 25.00, 1),
(861, 21, '2024-08-29 17:18:12', '2024-08-29 17:22:10', 19.00, 1),
(862, 22, '2024-08-29 17:29:52', '2024-08-29 17:18:16', 29.00, 1),
(863, 23, '2024-08-29 17:17:00', '2024-08-29 17:28:30', 27.00, 1),
(864, 24, '2024-08-29 17:28:10', '2024-08-29 17:17:15', 17.00, 1),
(865, 25, '2024-08-29 17:29:09', '2024-08-29 17:17:42', 28.00, 1),
(866, 26, '2024-08-29 17:22:58', '2024-08-29 17:22:39', 18.00, 1),
(867, 27, '2024-08-29 17:19:41', '2024-08-29 17:19:47', 20.00, 1),
(868, 28, '2024-08-29 17:16:49', '2024-08-29 17:19:27', 26.00, 1),
(869, 29, '2024-08-29 17:23:39', '2024-08-29 17:25:24', 24.00, 1),
(870, 30, '2024-08-29 17:22:07', '2024-08-29 17:27:52', 27.00, 1),
(871, 1, '2024-08-30 17:28:33', '2024-08-30 17:23:22', 26.00, 1),
(872, 2, '2024-08-30 17:22:57', '2024-08-30 17:21:43', 29.00, 1),
(873, 3, '2024-08-30 17:22:32', '2024-08-30 17:16:55', 19.00, 1),
(874, 4, '2024-08-30 17:17:03', '2024-08-30 17:29:36', 20.00, 1),
(875, 5, '2024-08-30 17:16:23', '2024-08-30 17:28:57', 15.00, 1),
(876, 6, '2024-08-30 17:21:16', '2024-08-30 17:25:15', 27.00, 1),
(877, 7, '2024-08-30 17:26:17', '2024-08-30 17:25:47', 23.00, 1),
(878, 8, '2024-08-30 17:19:54', '2024-08-30 17:25:02', 27.00, 1),
(879, 9, '2024-08-30 17:16:55', '2024-08-30 17:16:44', 25.00, 1),
(880, 10, '2024-08-30 17:26:15', '2024-08-30 17:16:34', 15.00, 1),
(881, 11, '2024-08-30 17:29:30', '2024-08-30 17:24:47', 28.00, 1),
(882, 12, '2024-08-30 17:24:46', '2024-08-30 17:23:51', 18.00, 1),
(883, 13, '2024-08-30 17:21:29', '2024-08-30 17:29:33', 28.00, 1),
(884, 14, '2024-08-30 17:21:05', '2024-08-30 17:25:37', 22.00, 1),
(885, 15, '2024-08-30 17:26:44', '2024-08-30 17:16:43', 27.00, 1),
(886, 16, '2024-08-30 17:19:46', '2024-08-30 17:26:54', 25.00, 1),
(887, 17, '2024-08-30 17:29:01', '2024-08-30 17:18:39', 20.00, 1),
(888, 18, '2024-08-30 17:29:50', '2024-08-30 17:21:25', 24.00, 1),
(889, 19, '2024-08-30 17:18:29', '2024-08-30 17:19:16', 27.00, 1),
(890, 20, '2024-08-30 17:20:40', '2024-08-30 17:29:11', 16.00, 1),
(891, 21, '2024-08-30 17:24:40', '2024-08-30 17:25:49', 18.00, 1),
(892, 22, '2024-08-30 17:25:20', '2024-08-30 17:21:48', 25.00, 1),
(893, 23, '2024-08-30 17:25:12', '2024-08-30 17:16:33', 16.00, 1),
(894, 24, '2024-08-30 17:15:42', '2024-08-30 17:22:04', 25.00, 1),
(895, 25, '2024-08-30 17:19:51', '2024-08-30 17:23:24', 22.00, 1),
(896, 26, '2024-08-30 17:28:11', '2024-08-30 17:25:44', 23.00, 1),
(897, 27, '2024-08-30 17:27:53', '2024-08-30 17:27:36', 24.00, 1),
(898, 28, '2024-08-30 17:15:59', '2024-08-30 17:24:31', 30.00, 1),
(899, 29, '2024-08-30 17:20:24', '2024-08-30 17:29:26', 27.00, 1),
(900, 30, '2024-08-30 17:21:57', '2024-08-30 17:20:56', 27.00, 1),
(901, 1, '2024-08-31 17:25:55', '2024-08-31 17:21:00', 29.00, 1),
(902, 2, '2024-08-31 17:26:21', '2024-08-31 17:25:45', 21.00, 1),
(903, 3, '2024-08-31 17:21:49', '2024-08-31 17:22:20', 30.00, 1),
(904, 4, '2024-08-31 17:19:27', '2024-08-31 17:27:45', 18.00, 1),
(905, 5, '2024-08-31 17:24:10', '2024-08-31 17:15:19', 19.00, 1),
(906, 6, '2024-08-31 17:29:24', '2024-08-31 17:24:44', 29.00, 1),
(907, 7, '2024-08-31 17:24:25', '2024-08-31 17:21:02', 21.00, 1),
(908, 8, '2024-08-31 17:15:22', '2024-08-31 17:26:31', 23.00, 1),
(909, 9, '2024-08-31 17:24:11', '2024-08-31 17:20:35', 15.00, 1),
(910, 10, '2024-08-31 17:19:51', '2024-08-31 17:20:30', 18.00, 1),
(911, 11, '2024-08-31 17:25:48', '2024-08-31 17:20:35', 21.00, 1),
(912, 12, '2024-08-31 17:20:17', '2024-08-31 17:17:32', 21.00, 1),
(913, 13, '2024-08-31 17:18:50', '2024-08-31 17:16:03', 26.00, 1),
(914, 14, '2024-08-31 17:27:12', '2024-08-31 17:27:49', 24.00, 1),
(915, 15, '2024-08-31 17:17:52', '2024-08-31 17:21:19', 21.00, 1),
(916, 16, '2024-08-31 17:28:37', '2024-08-31 17:26:23', 16.00, 1),
(917, 17, '2024-08-31 17:26:16', '2024-08-31 17:16:18', 25.00, 1),
(918, 18, '2024-08-31 17:22:02', '2024-08-31 17:27:21', 16.00, 1),
(919, 19, '2024-08-31 17:18:27', '2024-08-31 17:17:37', 21.00, 1),
(920, 20, '2024-08-31 17:16:43', '2024-08-31 17:29:32', 24.00, 1),
(921, 21, '2024-08-31 17:15:18', '2024-08-31 17:25:15', 26.00, 1),
(922, 22, '2024-08-31 17:17:26', '2024-08-31 17:21:34', 17.00, 1),
(923, 23, '2024-08-31 17:19:15', '2024-08-31 17:26:35', 26.00, 1),
(924, 24, '2024-08-31 17:18:54', '2024-08-31 17:28:07', 20.00, 1),
(925, 25, '2024-08-31 17:17:08', '2024-08-31 17:20:29', 29.00, 1),
(926, 26, '2024-08-31 17:24:22', '2024-08-31 17:20:22', 23.00, 1),
(927, 27, '2024-08-31 17:29:34', '2024-08-31 17:21:25', 28.00, 1),
(928, 28, '2024-08-31 17:23:30', '2024-08-31 17:20:51', 16.00, 1),
(929, 29, '2024-08-31 17:18:42', '2024-08-31 17:16:31', 23.00, 1),
(930, 30, '2024-08-31 17:26:31', '2024-08-31 17:20:11', 16.00, 1),
(931, 1, '2024-09-01 17:16:43', '2024-09-01 17:27:56', 18.00, 1),
(932, 2, '2024-09-01 17:23:40', '2024-09-01 17:23:08', 19.00, 1),
(933, 3, '2024-09-01 17:22:04', '2024-09-01 17:25:14', 29.00, 1),
(934, 4, '2024-09-01 17:22:14', '2024-09-01 17:29:09', 23.00, 1),
(935, 5, '2024-09-01 17:20:27', '2024-09-01 17:22:24', 21.00, 1),
(936, 6, '2024-09-01 17:18:31', '2024-09-01 17:29:25', 24.00, 1),
(937, 7, '2024-09-01 17:24:23', '2024-09-01 17:22:13', 18.00, 1),
(938, 8, '2024-09-01 17:15:14', '2024-09-01 17:26:01', 29.00, 1),
(939, 9, '2024-09-01 17:16:34', '2024-09-01 17:24:53', 29.00, 1),
(940, 10, '2024-09-01 17:24:02', '2024-09-01 17:22:08', 21.00, 1),
(941, 11, '2024-09-01 17:27:09', '2024-09-01 17:24:10', 19.00, 1),
(942, 12, '2024-09-01 17:27:01', '2024-09-01 17:20:04', 21.00, 1),
(943, 13, '2024-09-01 17:26:15', '2024-09-01 17:20:54', 21.00, 1),
(944, 14, '2024-09-01 17:21:10', '2024-09-01 17:16:39', 19.00, 1),
(945, 15, '2024-09-01 17:18:52', '2024-09-01 17:26:19', 26.00, 1),
(946, 16, '2024-09-01 17:27:13', '2024-09-01 17:23:33', 19.00, 1),
(947, 17, '2024-09-01 17:29:24', '2024-09-01 17:20:57', 20.00, 1),
(948, 18, '2024-09-01 17:16:53', '2024-09-01 17:16:14', 30.00, 1),
(949, 19, '2024-09-01 17:27:26', '2024-09-01 17:26:47', 28.00, 1),
(950, 20, '2024-09-01 17:19:35', '2024-09-01 17:27:12', 19.00, 1),
(951, 21, '2024-09-01 17:25:58', '2024-09-01 17:18:09', 25.00, 1),
(952, 22, '2024-09-01 17:24:05', '2024-09-01 17:15:08', 17.00, 1),
(953, 23, '2024-09-01 17:28:21', '2024-09-01 17:21:10', 26.00, 1),
(954, 24, '2024-09-01 17:21:30', '2024-09-01 17:15:44', 24.00, 1),
(955, 25, '2024-09-01 17:25:46', '2024-09-01 17:17:11', 22.00, 1),
(956, 26, '2024-09-01 17:27:13', '2024-09-01 17:28:57', 18.00, 1),
(957, 27, '2024-09-01 17:17:19', '2024-09-01 17:18:34', 29.00, 1),
(958, 28, '2024-09-01 17:26:27', '2024-09-01 17:19:01', 22.00, 1),
(959, 29, '2024-09-01 17:20:37', '2024-09-01 17:22:08', 28.00, 1),
(960, 30, '2024-09-01 17:18:39', '2024-09-01 17:15:56', 26.00, 1),
(961, 1, '2024-09-02 17:24:59', '2024-09-02 17:27:05', 26.00, 1),
(962, 2, '2024-09-02 17:23:51', '2024-09-02 17:19:05', 17.00, 1),
(963, 3, '2024-09-02 17:23:11', '2024-09-02 17:24:02', 16.00, 1),
(964, 4, '2024-09-02 17:16:17', '2024-09-02 17:23:20', 29.00, 1),
(965, 5, '2024-09-02 17:27:22', '2024-09-02 17:19:18', 30.00, 1),
(966, 6, '2024-09-02 17:30:00', '2024-09-02 17:16:43', 23.00, 1),
(967, 7, '2024-09-02 17:28:10', '2024-09-02 17:29:17', 27.00, 1),
(968, 8, '2024-09-02 17:20:52', '2024-09-02 17:16:45', 26.00, 1),
(969, 9, '2024-09-02 17:23:22', '2024-09-02 17:29:20', 25.00, 1),
(970, 10, '2024-09-02 17:23:38', '2024-09-02 17:17:41', 19.00, 1),
(971, 11, '2024-09-02 17:20:13', '2024-09-02 17:27:43', 21.00, 1),
(972, 12, '2024-09-02 17:21:16', '2024-09-02 17:28:11', 15.00, 1),
(973, 13, '2024-09-02 17:19:57', '2024-09-02 17:16:13', 28.00, 1),
(974, 14, '2024-09-02 17:15:12', '2024-09-02 17:23:41', 23.00, 1),
(975, 15, '2024-09-02 17:29:19', '2024-09-02 17:29:05', 20.00, 1),
(976, 16, '2024-09-02 17:16:28', '2024-09-02 17:25:24', 27.00, 1),
(977, 17, '2024-09-02 17:19:06', '2024-09-02 17:29:22', 30.00, 1),
(978, 18, '2024-09-02 17:16:26', '2024-09-02 17:17:02', 23.00, 1),
(979, 19, '2024-09-02 17:24:37', '2024-09-02 17:15:52', 25.00, 1),
(980, 20, '2024-09-02 17:29:41', '2024-09-02 17:27:00', 29.00, 1),
(981, 21, '2024-09-02 17:21:58', '2024-09-02 17:19:13', 18.00, 1),
(982, 22, '2024-09-02 17:27:48', '2024-09-02 17:26:27', 30.00, 1),
(983, 23, '2024-09-02 17:28:06', '2024-09-02 17:15:38', 28.00, 1),
(984, 24, '2024-09-02 17:16:29', '2024-09-02 17:21:33', 16.00, 1),
(985, 25, '2024-09-02 17:16:49', '2024-09-02 17:21:17', 21.00, 1),
(986, 26, '2024-09-02 17:27:45', '2024-09-02 17:25:07', 16.00, 1),
(987, 27, '2024-09-02 17:29:07', '2024-09-02 17:30:00', 29.00, 1),
(988, 28, '2024-09-02 17:29:30', '2024-09-02 17:29:48', 18.00, 1),
(989, 29, '2024-09-02 17:19:19', '2024-09-02 17:21:03', 23.00, 1),
(990, 30, '2024-09-02 17:21:27', '2024-09-02 17:18:37', 28.00, 1),
(991, 1, '2024-09-03 17:27:12', '2024-09-03 17:27:38', 20.00, 1),
(992, 2, '2024-09-03 17:15:16', '2024-09-03 17:24:16', 20.00, 1),
(993, 3, '2024-09-03 17:25:04', '2024-09-03 17:21:06', 29.00, 1),
(994, 4, '2024-09-03 17:20:09', '2024-09-03 17:22:26', 26.00, 1),
(995, 5, '2024-09-03 17:22:17', '2024-09-03 17:28:51', 15.00, 1),
(996, 6, '2024-09-03 17:27:41', '2024-09-03 17:21:47', 19.00, 1),
(997, 7, '2024-09-03 17:23:14', '2024-09-03 17:15:22', 20.00, 1),
(998, 8, '2024-09-03 17:24:36', '2024-09-03 17:15:37', 19.00, 1),
(999, 9, '2024-09-03 17:16:47', '2024-09-03 17:19:52', 20.00, 1),
(1000, 10, '2024-09-03 17:21:56', '2024-09-03 17:20:11', 25.00, 1),
(1001, 11, '2024-09-03 17:23:44', '2024-09-03 17:25:56', 19.00, 1),
(1002, 12, '2024-09-03 17:24:45', '2024-09-03 17:18:58', 16.00, 1),
(1003, 13, '2024-09-03 17:26:39', '2024-09-03 17:22:55', 30.00, 1),
(1004, 14, '2024-09-03 17:28:19', '2024-09-03 17:18:26', 26.00, 1),
(1005, 15, '2024-09-03 17:16:09', '2024-09-03 17:18:13', 24.00, 1),
(1006, 16, '2024-09-03 17:23:28', '2024-09-03 17:16:31', 27.00, 1),
(1007, 17, '2024-09-03 17:22:36', '2024-09-03 17:19:18', 26.00, 1),
(1008, 18, '2024-09-03 17:18:40', '2024-09-03 17:16:38', 26.00, 1),
(1009, 19, '2024-09-03 17:21:06', '2024-09-03 17:24:34', 29.00, 1),
(1010, 20, '2024-09-03 17:27:05', '2024-09-03 17:29:30', 17.00, 1),
(1011, 21, '2024-09-03 17:28:09', '2024-09-03 17:26:20', 22.00, 1),
(1012, 22, '2024-09-03 17:29:11', '2024-09-03 17:19:51', 30.00, 1),
(1013, 23, '2024-09-03 17:27:14', '2024-09-03 17:17:03', 27.00, 1),
(1014, 24, '2024-09-03 17:24:04', '2024-09-03 17:16:33', 18.00, 1),
(1015, 25, '2024-09-03 17:15:32', '2024-09-03 17:24:16', 15.00, 1),
(1016, 26, '2024-09-03 17:27:25', '2024-09-03 17:27:02', 18.00, 1),
(1017, 27, '2024-09-03 17:28:47', '2024-09-03 17:18:27', 19.00, 1),
(1018, 28, '2024-09-03 17:15:33', '2024-09-03 17:16:55', 19.00, 1),
(1019, 29, '2024-09-03 17:20:12', '2024-09-03 17:29:51', 24.00, 1),
(1020, 30, '2024-09-03 17:19:12', '2024-09-03 17:23:59', 30.00, 1),
(1021, 1, '2024-09-04 17:27:58', '2024-09-04 17:17:18', 21.00, 1),
(1022, 2, '2024-09-04 17:17:27', '2024-09-04 17:16:32', 27.00, 1),
(1023, 3, '2024-09-04 17:22:40', '2024-09-04 17:26:34', 19.00, 1),
(1024, 4, '2024-09-04 17:21:37', '2024-09-04 17:21:52', 22.00, 1),
(1025, 5, '2024-09-04 17:15:38', '2024-09-04 17:29:18', 20.00, 1),
(1026, 6, '2024-09-04 17:24:33', '2024-09-04 17:23:00', 18.00, 1),
(1027, 7, '2024-09-04 17:28:42', '2024-09-04 17:18:09', 29.00, 1),
(1028, 8, '2024-09-04 17:24:17', '2024-09-04 17:27:47', 22.00, 1),
(1029, 9, '2024-09-04 17:20:01', '2024-09-04 17:19:15', 18.00, 1),
(1030, 10, '2024-09-04 17:19:16', '2024-09-04 17:15:33', 24.00, 1),
(1031, 11, '2024-09-04 17:21:52', '2024-09-04 17:17:14', 21.00, 1),
(1032, 12, '2024-09-04 17:19:38', '2024-09-04 17:19:21', 26.00, 1),
(1033, 13, '2024-09-04 17:21:03', '2024-09-04 17:29:41', 22.00, 1),
(1034, 14, '2024-09-04 17:26:59', '2024-09-04 17:23:18', 17.00, 1),
(1035, 15, '2024-09-04 17:27:40', '2024-09-04 17:28:12', 25.00, 1),
(1036, 16, '2024-09-04 17:27:25', '2024-09-04 17:29:27', 27.00, 1),
(1037, 17, '2024-09-04 17:22:17', '2024-09-04 17:20:37', 30.00, 1),
(1038, 18, '2024-09-04 17:28:35', '2024-09-04 17:26:34', 21.00, 1),
(1039, 19, '2024-09-04 17:28:01', '2024-09-04 17:27:50', 27.00, 1),
(1040, 20, '2024-09-04 17:21:59', '2024-09-04 17:17:59', 21.00, 1),
(1041, 21, '2024-09-04 17:26:57', '2024-09-04 17:15:01', 16.00, 1),
(1042, 22, '2024-09-04 17:25:24', '2024-09-04 17:25:15', 25.00, 1),
(1043, 23, '2024-09-04 17:27:15', '2024-09-04 17:27:23', 29.00, 1),
(1044, 24, '2024-09-04 17:21:29', '2024-09-04 17:16:32', 27.00, 1),
(1045, 25, '2024-09-04 17:23:17', '2024-09-04 17:18:02', 17.00, 1),
(1046, 26, '2024-09-04 17:23:34', '2024-09-04 17:15:13', 27.00, 1),
(1047, 27, '2024-09-04 17:25:27', '2024-09-04 17:24:40', 26.00, 1),
(1048, 28, '2024-09-04 17:20:51', '2024-09-04 17:28:17', 24.00, 1),
(1049, 29, '2024-09-04 17:25:40', '2024-09-04 17:20:24', 19.00, 1),
(1050, 30, '2024-09-04 17:26:04', '2024-09-04 17:22:31', 30.00, 1),
(1051, 1, '2024-09-05 17:24:15', '2024-09-05 17:20:00', 16.00, 1),
(1052, 2, '2024-09-05 17:15:33', '2024-09-05 17:21:18', 25.00, 1),
(1053, 3, '2024-09-05 17:29:26', '2024-09-05 17:29:53', 21.00, 1),
(1054, 4, '2024-09-05 17:21:46', '2024-09-05 17:24:43', 22.00, 1),
(1055, 5, '2024-09-05 17:17:15', '2024-09-05 17:28:51', 15.00, 1),
(1056, 6, '2024-09-05 17:26:54', '2024-09-05 17:21:36', 27.00, 1),
(1057, 7, '2024-09-05 17:23:31', '2024-09-05 17:27:43', 17.00, 1),
(1058, 8, '2024-09-05 17:20:18', '2024-09-05 17:15:39', 25.00, 1),
(1059, 9, '2024-09-05 17:27:44', '2024-09-05 17:16:18', 17.00, 1),
(1060, 10, '2024-09-05 17:29:25', '2024-09-05 17:23:21', 28.00, 1),
(1061, 11, '2024-09-05 17:24:47', '2024-09-05 17:27:37', 26.00, 1),
(1062, 12, '2024-09-05 17:15:23', '2024-09-05 17:22:06', 15.00, 1),
(1063, 13, '2024-09-05 17:22:29', '2024-09-05 17:21:07', 22.00, 1),
(1064, 14, '2024-09-05 17:17:45', '2024-09-05 17:20:42', 24.00, 1),
(1065, 15, '2024-09-05 17:23:56', '2024-09-05 17:29:12', 29.00, 1),
(1066, 16, '2024-09-05 17:20:22', '2024-09-05 17:21:47', 24.00, 1),
(1067, 17, '2024-09-05 17:21:04', '2024-09-05 17:16:29', 17.00, 1),
(1068, 18, '2024-09-05 17:16:43', '2024-09-05 17:16:44', 28.00, 1),
(1069, 19, '2024-09-05 17:23:53', '2024-09-05 17:19:10', 18.00, 1),
(1070, 20, '2024-09-05 17:23:49', '2024-09-05 17:28:34', 16.00, 1),
(1071, 21, '2024-09-05 17:24:23', '2024-09-05 17:28:49', 28.00, 1),
(1072, 22, '2024-09-05 17:20:41', '2024-09-05 17:20:53', 30.00, 1),
(1073, 23, '2024-09-05 17:23:35', '2024-09-05 17:21:38', 17.00, 1),
(1074, 24, '2024-09-05 17:22:55', '2024-09-05 17:15:43', 17.00, 1),
(1075, 25, '2024-09-05 17:21:26', '2024-09-05 17:16:54', 20.00, 1),
(1076, 26, '2024-09-05 17:23:44', '2024-09-05 17:23:30', 26.00, 1),
(1077, 27, '2024-09-05 17:21:36', '2024-09-05 17:20:21', 19.00, 1),
(1078, 28, '2024-09-05 17:24:42', '2024-09-05 17:18:44', 27.00, 1),
(1079, 29, '2024-09-05 17:26:26', '2024-09-05 17:22:31', 24.00, 1),
(1080, 30, '2024-09-05 17:26:39', '2024-09-05 17:29:35', 27.00, 1),
(1081, 1, '2024-09-06 17:19:21', '2024-09-06 17:20:12', 19.00, 1),
(1082, 2, '2024-09-06 17:21:07', '2024-09-06 17:23:20', 16.00, 1),
(1083, 3, '2024-09-06 17:25:38', '2024-09-06 17:20:01', 26.00, 1),
(1084, 4, '2024-09-06 17:19:19', '2024-09-06 17:27:43', 20.00, 1),
(1085, 5, '2024-09-06 17:20:23', '2024-09-06 17:26:21', 19.00, 1),
(1086, 6, '2024-09-06 17:22:46', '2024-09-06 17:24:07', 24.00, 1),
(1087, 7, '2024-09-06 17:28:08', '2024-09-06 17:29:44', 22.00, 1),
(1088, 8, '2024-09-06 17:15:13', '2024-09-06 17:15:57', 17.00, 1),
(1089, 9, '2024-09-06 17:17:39', '2024-09-06 17:28:46', 23.00, 1),
(1090, 10, '2024-09-06 17:26:02', '2024-09-06 17:21:54', 16.00, 1),
(1091, 11, '2024-09-06 17:19:42', '2024-09-06 17:17:43', 19.00, 1),
(1092, 12, '2024-09-06 17:25:12', '2024-09-06 17:27:06', 23.00, 1),
(1093, 13, '2024-09-06 17:24:53', '2024-09-06 17:25:42', 27.00, 1),
(1094, 14, '2024-09-06 17:22:43', '2024-09-06 17:15:05', 21.00, 1),
(1095, 15, '2024-09-06 17:17:23', '2024-09-06 17:25:39', 18.00, 1),
(1096, 16, '2024-09-06 17:20:24', '2024-09-06 17:20:37', 28.00, 1),
(1097, 17, '2024-09-06 17:16:49', '2024-09-06 17:16:22', 18.00, 1),
(1098, 18, '2024-09-06 17:27:23', '2024-09-06 17:27:29', 29.00, 1),
(1099, 19, '2024-09-06 17:24:18', '2024-09-06 17:24:03', 30.00, 1),
(1100, 20, '2024-09-06 17:26:24', '2024-09-06 17:27:57', 24.00, 1),
(1101, 21, '2024-09-06 17:27:35', '2024-09-06 17:26:24', 17.00, 1),
(1102, 22, '2024-09-06 17:20:40', '2024-09-06 17:23:19', 23.00, 1),
(1103, 23, '2024-09-06 17:17:02', '2024-09-06 17:17:43', 30.00, 1),
(1104, 24, '2024-09-06 17:15:11', '2024-09-06 17:15:27', 22.00, 1),
(1105, 25, '2024-09-06 17:15:13', '2024-09-06 17:23:32', 19.00, 1),
(1106, 26, '2024-09-06 17:18:02', '2024-09-06 17:18:48', 23.00, 1),
(1107, 27, '2024-09-06 17:23:09', '2024-09-06 17:18:14', 24.00, 1),
(1108, 28, '2024-09-06 17:25:47', '2024-09-06 17:29:19', 18.00, 1),
(1109, 29, '2024-09-06 17:20:47', '2024-09-06 17:21:21', 23.00, 1),
(1110, 30, '2024-09-06 17:17:56', '2024-09-06 17:15:51', 20.00, 1),
(1111, 1, '2024-09-07 17:17:14', '2024-09-07 17:21:24', 17.00, 1),
(1112, 2, '2024-09-07 17:19:19', '2024-09-07 17:17:52', 29.00, 1),
(1113, 3, '2024-09-07 17:16:20', '2024-09-07 17:16:44', 18.00, 1),
(1114, 4, '2024-09-07 17:25:16', '2024-09-07 17:20:38', 30.00, 1),
(1115, 5, '2024-09-07 17:17:13', '2024-09-07 17:17:09', 30.00, 1),
(1116, 6, '2024-09-07 17:17:12', '2024-09-07 17:20:37', 15.00, 1),
(1117, 7, '2024-09-07 17:19:30', '2024-09-07 17:19:21', 29.00, 1),
(1118, 8, '2024-09-07 17:19:29', '2024-09-07 17:17:31', 18.00, 1),
(1119, 9, '2024-09-07 17:18:56', '2024-09-07 17:18:02', 23.00, 1),
(1120, 10, '2024-09-07 17:20:45', '2024-09-07 17:27:34', 25.00, 1),
(1121, 11, '2024-09-07 17:19:23', '2024-09-07 17:27:46', 20.00, 1),
(1122, 12, '2024-09-07 17:16:49', '2024-09-07 17:15:31', 30.00, 1),
(1123, 13, '2024-09-07 17:28:59', '2024-09-07 17:15:06', 17.00, 1),
(1124, 14, '2024-09-07 17:23:53', '2024-09-07 17:20:13', 27.00, 1),
(1125, 15, '2024-09-07 17:15:16', '2024-09-07 17:15:06', 29.00, 1),
(1126, 16, '2024-09-07 17:26:55', '2024-09-07 17:20:44', 22.00, 1),
(1127, 17, '2024-09-07 17:29:06', '2024-09-07 17:29:18', 28.00, 1),
(1128, 18, '2024-09-07 17:20:48', '2024-09-07 17:29:29', 21.00, 1),
(1129, 19, '2024-09-07 17:28:50', '2024-09-07 17:17:42', 17.00, 1),
(1130, 20, '2024-09-07 17:27:48', '2024-09-07 17:26:40', 19.00, 1),
(1131, 21, '2024-09-07 17:24:55', '2024-09-07 17:25:31', 23.00, 1),
(1132, 22, '2024-09-07 17:19:40', '2024-09-07 17:28:01', 21.00, 1),
(1133, 23, '2024-09-07 17:22:12', '2024-09-07 17:16:14', 25.00, 1),
(1134, 24, '2024-09-07 17:19:41', '2024-09-07 17:29:48', 15.00, 1),
(1135, 25, '2024-09-07 17:22:36', '2024-09-07 17:22:24', 18.00, 1),
(1136, 26, '2024-09-07 17:17:35', '2024-09-07 17:15:29', 17.00, 1),
(1137, 27, '2024-09-07 17:18:21', '2024-09-07 17:18:48', 18.00, 1),
(1138, 28, '2024-09-07 17:21:14', '2024-09-07 17:26:46', 15.00, 1),
(1139, 29, '2024-09-07 17:24:42', '2024-09-07 17:26:39', 21.00, 1),
(1140, 30, '2024-09-07 17:29:48', '2024-09-07 17:22:31', 18.00, 1),
(1141, 1, '2024-08-01 17:16:43', '2024-08-01 17:27:56', 18.00, 2),
(1142, 2, '2024-08-01 17:23:40', '2024-08-01 17:23:08', 19.00, 2),
(1143, 3, '2024-08-01 17:22:04', '2024-08-01 17:25:14', 29.00, 2),
(1144, 4, '2024-08-01 17:22:14', '2024-08-01 17:29:09', 23.00, 2),
(1145, 5, '2024-08-01 17:20:27', '2024-08-01 17:22:24', 21.00, 2),
(1146, 6, '2024-08-01 17:18:31', '2024-08-01 17:29:25', 24.00, 2),
(1147, 7, '2024-08-01 17:24:23', '2024-08-01 17:22:13', 18.00, 2),
(1148, 8, '2024-08-01 17:15:14', '2024-08-01 17:26:01', 29.00, 2),
(1149, 9, '2024-08-01 17:16:34', '2024-08-01 17:24:53', 29.00, 2),
(1150, 10, '2024-08-01 17:24:02', '2024-08-01 17:22:08', 21.00, 2),
(1151, 11, '2024-08-01 17:27:09', '2024-08-01 17:24:10', 19.00, 2),
(1152, 12, '2024-08-01 17:27:01', '2024-08-01 17:20:04', 21.00, 2),
(1153, 13, '2024-08-01 17:26:15', '2024-08-01 17:20:54', 21.00, 2),
(1154, 14, '2024-08-01 17:21:10', '2024-08-01 17:16:39', 19.00, 2),
(1155, 15, '2024-08-01 17:18:52', '2024-08-01 17:26:19', 26.00, 2),
(1156, 16, '2024-08-01 17:27:13', '2024-08-01 17:23:33', 19.00, 2),
(1157, 17, '2024-08-01 17:29:24', '2024-08-01 17:20:57', 20.00, 2),
(1158, 18, '2024-08-01 17:16:53', '2024-08-01 17:16:14', 30.00, 2),
(1159, 19, '2024-08-01 17:27:26', '2024-08-01 17:26:47', 28.00, 2),
(1160, 20, '2024-08-01 17:19:35', '2024-08-01 17:27:12', 19.00, 2),
(1161, 21, '2024-08-01 17:25:58', '2024-08-01 17:18:09', 25.00, 2),
(1162, 22, '2024-08-01 17:24:05', '2024-08-01 17:15:08', 17.00, 2),
(1163, 23, '2024-08-01 17:28:21', '2024-08-01 17:21:10', 26.00, 2),
(1164, 24, '2024-08-01 17:21:30', '2024-08-01 17:15:44', 24.00, 2),
(1165, 25, '2024-08-01 17:25:46', '2024-08-01 17:17:11', 22.00, 2),
(1166, 26, '2024-08-01 17:27:13', '2024-08-01 17:28:57', 18.00, 2),
(1167, 27, '2024-08-01 17:17:19', '2024-08-01 17:18:34', 29.00, 2),
(1168, 28, '2024-08-01 17:26:27', '2024-08-01 17:19:01', 22.00, 2),
(1169, 29, '2024-08-01 17:20:37', '2024-08-01 17:22:08', 28.00, 2),
(1170, 30, '2024-08-01 17:18:39', '2024-08-01 17:15:56', 26.00, 2),
(1171, 1, '2024-08-02 17:24:59', '2024-08-02 17:27:05', 26.00, 2),
(1172, 2, '2024-08-02 17:23:51', '2024-08-02 17:19:05', 17.00, 2),
(1173, 3, '2024-08-02 17:23:11', '2024-08-02 17:24:02', 16.00, 2),
(1174, 4, '2024-08-02 17:16:17', '2024-08-02 17:23:20', 29.00, 2),
(1175, 5, '2024-08-02 17:27:22', '2024-08-02 17:19:18', 30.00, 2),
(1176, 6, '2024-08-02 17:30:00', '2024-08-02 17:16:43', 23.00, 2),
(1177, 7, '2024-08-02 17:28:10', '2024-08-02 17:29:17', 27.00, 2),
(1178, 8, '2024-08-02 17:20:52', '2024-08-02 17:16:45', 26.00, 2),
(1179, 9, '2024-08-02 17:23:22', '2024-08-02 17:29:20', 25.00, 2),
(1180, 10, '2024-08-02 17:23:38', '2024-08-02 17:17:41', 19.00, 2),
(1181, 11, '2024-08-02 17:20:13', '2024-08-02 17:27:43', 21.00, 2),
(1182, 12, '2024-08-02 17:21:16', '2024-08-02 17:28:11', 15.00, 2),
(1183, 13, '2024-08-02 17:19:57', '2024-08-02 17:16:13', 28.00, 2),
(1184, 14, '2024-08-02 17:15:12', '2024-08-02 17:23:41', 23.00, 2),
(1185, 15, '2024-08-02 17:29:19', '2024-08-02 17:29:05', 20.00, 2),
(1186, 16, '2024-08-02 17:16:28', '2024-08-02 17:25:24', 27.00, 2),
(1187, 17, '2024-08-02 17:19:06', '2024-08-02 17:29:22', 30.00, 2),
(1188, 18, '2024-08-02 17:16:26', '2024-08-02 17:17:02', 23.00, 2),
(1189, 19, '2024-08-02 17:24:37', '2024-08-02 17:15:52', 25.00, 2),
(1190, 20, '2024-08-02 17:29:41', '2024-08-02 17:27:00', 29.00, 2),
(1191, 21, '2024-08-02 17:21:58', '2024-08-02 17:19:13', 18.00, 2),
(1192, 22, '2024-08-02 17:27:48', '2024-08-02 17:26:27', 30.00, 2),
(1193, 23, '2024-08-02 17:28:06', '2024-08-02 17:15:38', 28.00, 2),
(1194, 24, '2024-08-02 17:16:29', '2024-08-02 17:21:33', 16.00, 2),
(1195, 25, '2024-08-02 17:16:49', '2024-08-02 17:21:17', 21.00, 2),
(1196, 26, '2024-08-02 17:27:45', '2024-08-02 17:25:07', 16.00, 2),
(1197, 27, '2024-08-02 17:29:07', '2024-08-02 17:30:00', 29.00, 2),
(1198, 28, '2024-08-02 17:29:30', '2024-08-02 17:29:48', 18.00, 2),
(1199, 29, '2024-08-02 17:19:19', '2024-08-02 17:21:03', 23.00, 2),
(1200, 30, '2024-08-02 17:21:27', '2024-08-02 17:18:37', 28.00, 2),
(1201, 1, '2024-08-03 17:27:12', '2024-08-03 17:27:38', 20.00, 2),
(1202, 2, '2024-08-03 17:15:16', '2024-08-03 17:24:16', 20.00, 2),
(1203, 3, '2024-08-03 17:25:04', '2024-08-03 17:21:06', 29.00, 2),
(1204, 4, '2024-08-03 17:20:09', '2024-08-03 17:22:26', 26.00, 2),
(1205, 5, '2024-08-03 17:22:17', '2024-08-03 17:28:51', 15.00, 2),
(1206, 6, '2024-08-03 17:27:41', '2024-08-03 17:21:47', 19.00, 2),
(1207, 7, '2024-08-03 17:23:14', '2024-08-03 17:15:22', 20.00, 2),
(1208, 8, '2024-08-03 17:24:36', '2024-08-03 17:15:37', 19.00, 2),
(1209, 9, '2024-08-03 17:16:47', '2024-08-03 17:19:52', 20.00, 2),
(1210, 10, '2024-08-03 17:21:56', '2024-08-03 17:20:11', 25.00, 2),
(1211, 11, '2024-08-03 17:23:44', '2024-08-03 17:25:56', 19.00, 2),
(1212, 12, '2024-08-03 17:24:45', '2024-08-03 17:18:58', 16.00, 2),
(1213, 13, '2024-08-03 17:26:39', '2024-08-03 17:22:55', 30.00, 2),
(1214, 14, '2024-08-03 17:28:19', '2024-08-03 17:18:26', 26.00, 2),
(1215, 15, '2024-08-03 17:16:09', '2024-08-03 17:18:13', 24.00, 2),
(1216, 16, '2024-08-03 17:23:28', '2024-08-03 17:16:31', 27.00, 2),
(1217, 17, '2024-08-03 17:22:36', '2024-08-03 17:19:18', 26.00, 2),
(1218, 18, '2024-08-03 17:18:40', '2024-08-03 17:16:38', 26.00, 2),
(1219, 19, '2024-08-03 17:21:06', '2024-08-03 17:24:34', 29.00, 2),
(1220, 20, '2024-08-03 17:27:05', '2024-08-03 17:29:30', 17.00, 2),
(1221, 21, '2024-08-03 17:28:09', '2024-08-03 17:26:20', 22.00, 2),
(1222, 22, '2024-08-03 17:29:11', '2024-08-03 17:19:51', 30.00, 2),
(1223, 23, '2024-08-03 17:27:14', '2024-08-03 17:17:03', 27.00, 2),
(1224, 24, '2024-08-03 17:24:04', '2024-08-03 17:16:33', 18.00, 2),
(1225, 25, '2024-08-03 17:15:32', '2024-08-03 17:24:16', 15.00, 2),
(1226, 26, '2024-08-03 17:27:25', '2024-08-03 17:27:02', 18.00, 2),
(1227, 27, '2024-08-03 17:28:47', '2024-08-03 17:18:27', 19.00, 2),
(1228, 28, '2024-08-03 17:15:33', '2024-08-03 17:16:55', 19.00, 2),
(1229, 29, '2024-08-03 17:20:12', '2024-08-03 17:29:51', 24.00, 2),
(1230, 30, '2024-08-03 17:19:12', '2024-08-03 17:23:59', 30.00, 2),
(1231, 1, '2024-08-04 17:27:58', '2024-08-04 17:17:18', 21.00, 2),
(1232, 2, '2024-08-04 17:17:27', '2024-08-04 17:16:32', 27.00, 2),
(1233, 3, '2024-08-04 17:22:40', '2024-08-04 17:26:34', 19.00, 2),
(1234, 4, '2024-08-04 17:21:37', '2024-08-04 17:21:52', 22.00, 2),
(1235, 5, '2024-08-04 17:15:38', '2024-08-04 17:29:18', 20.00, 2),
(1236, 6, '2024-08-04 17:24:33', '2024-08-04 17:23:00', 18.00, 2),
(1237, 7, '2024-08-04 17:28:42', '2024-08-04 17:18:09', 29.00, 2),
(1238, 8, '2024-08-04 17:24:17', '2024-08-04 17:27:47', 22.00, 2),
(1239, 9, '2024-08-04 17:20:01', '2024-08-04 17:19:15', 18.00, 2),
(1240, 10, '2024-08-04 17:19:16', '2024-08-04 17:15:33', 24.00, 2),
(1241, 11, '2024-08-04 17:21:52', '2024-08-04 17:17:14', 21.00, 2),
(1242, 12, '2024-08-04 17:19:38', '2024-08-04 17:19:21', 26.00, 2),
(1243, 13, '2024-08-04 17:21:03', '2024-08-04 17:29:41', 22.00, 2),
(1244, 14, '2024-08-04 17:26:59', '2024-08-04 17:23:18', 17.00, 2),
(1245, 15, '2024-08-04 17:27:40', '2024-08-04 17:28:12', 25.00, 2),
(1246, 16, '2024-08-04 17:27:25', '2024-08-04 17:29:27', 27.00, 2),
(1247, 17, '2024-08-04 17:22:17', '2024-08-04 17:20:37', 30.00, 2),
(1248, 18, '2024-08-04 17:28:35', '2024-08-04 17:26:34', 21.00, 2),
(1249, 19, '2024-08-04 17:28:01', '2024-08-04 17:27:50', 27.00, 2),
(1250, 20, '2024-08-04 17:21:59', '2024-08-04 17:17:59', 21.00, 2),
(1251, 21, '2024-08-04 17:26:57', '2024-08-04 17:15:01', 16.00, 2),
(1252, 22, '2024-08-04 17:25:24', '2024-08-04 17:25:15', 25.00, 2),
(1253, 23, '2024-08-04 17:27:15', '2024-08-04 17:27:23', 29.00, 2),
(1254, 24, '2024-08-04 17:21:29', '2024-08-04 17:16:32', 27.00, 2),
(1255, 25, '2024-08-04 17:23:17', '2024-08-04 17:18:02', 17.00, 2),
(1256, 26, '2024-08-04 17:23:34', '2024-08-04 17:15:13', 27.00, 2),
(1257, 27, '2024-08-04 17:25:27', '2024-08-04 17:24:40', 26.00, 2),
(1258, 28, '2024-08-04 17:20:51', '2024-08-04 17:28:17', 24.00, 2),
(1259, 29, '2024-08-04 17:25:40', '2024-08-04 17:20:24', 19.00, 2),
(1260, 30, '2024-08-04 17:26:04', '2024-08-04 17:22:31', 30.00, 2),
(1261, 1, '2024-08-05 17:24:15', '2024-08-05 17:20:00', 16.00, 2),
(1262, 2, '2024-08-05 17:15:33', '2024-08-05 17:21:18', 25.00, 2),
(1263, 3, '2024-08-05 17:29:26', '2024-08-05 17:29:53', 21.00, 2),
(1264, 4, '2024-08-05 17:21:46', '2024-08-05 17:24:43', 22.00, 2),
(1265, 5, '2024-08-05 17:17:15', '2024-08-05 17:28:51', 15.00, 2),
(1266, 6, '2024-08-05 17:26:54', '2024-08-05 17:21:36', 27.00, 2),
(1267, 7, '2024-08-05 17:23:31', '2024-08-05 17:27:43', 17.00, 2),
(1268, 8, '2024-08-05 17:20:18', '2024-08-05 17:15:39', 25.00, 2),
(1269, 9, '2024-08-05 17:27:44', '2024-08-05 17:16:18', 17.00, 2),
(1270, 10, '2024-08-05 17:29:25', '2024-08-05 17:23:21', 28.00, 2),
(1271, 11, '2024-08-05 17:24:47', '2024-08-05 17:27:37', 26.00, 2),
(1272, 12, '2024-08-05 17:15:23', '2024-08-05 17:22:06', 15.00, 2),
(1273, 13, '2024-08-05 17:22:29', '2024-08-05 17:21:07', 22.00, 2),
(1274, 14, '2024-08-05 17:17:45', '2024-08-05 17:20:42', 24.00, 2),
(1275, 15, '2024-08-05 17:23:56', '2024-08-05 17:29:12', 29.00, 2),
(1276, 16, '2024-08-05 17:20:22', '2024-08-05 17:21:47', 24.00, 2),
(1277, 17, '2024-08-05 17:21:04', '2024-08-05 17:16:29', 17.00, 2),
(1278, 18, '2024-08-05 17:16:43', '2024-08-05 17:16:44', 28.00, 2),
(1279, 19, '2024-08-05 17:23:53', '2024-08-05 17:19:10', 18.00, 2),
(1280, 20, '2024-08-05 17:23:49', '2024-08-05 17:28:34', 16.00, 2),
(1281, 21, '2024-08-05 17:24:23', '2024-08-05 17:28:49', 28.00, 2),
(1282, 22, '2024-08-05 17:20:41', '2024-08-05 17:20:53', 30.00, 2),
(1283, 23, '2024-08-05 17:23:35', '2024-08-05 17:21:38', 17.00, 2),
(1284, 24, '2024-08-05 17:22:55', '2024-08-05 17:15:43', 17.00, 2),
(1285, 25, '2024-08-05 17:21:26', '2024-08-05 17:16:54', 20.00, 2),
(1286, 26, '2024-08-05 17:23:44', '2024-08-05 17:23:30', 26.00, 2),
(1287, 27, '2024-08-05 17:21:36', '2024-08-05 17:20:21', 19.00, 2),
(1288, 28, '2024-08-05 17:24:42', '2024-08-05 17:18:44', 27.00, 2),
(1289, 29, '2024-08-05 17:26:26', '2024-08-05 17:22:31', 24.00, 2),
(1290, 30, '2024-08-05 17:26:39', '2024-08-05 17:29:35', 27.00, 2),
(1291, 1, '2024-08-06 17:19:21', '2024-08-06 17:20:12', 19.00, 2),
(1292, 2, '2024-08-06 17:21:07', '2024-08-06 17:23:20', 16.00, 2),
(1293, 3, '2024-08-06 17:25:38', '2024-08-06 17:20:01', 26.00, 2),
(1294, 4, '2024-08-06 17:19:19', '2024-08-06 17:27:43', 20.00, 2),
(1295, 5, '2024-08-06 17:20:23', '2024-08-06 17:26:21', 19.00, 2),
(1296, 6, '2024-08-06 17:22:46', '2024-08-06 17:24:07', 24.00, 2),
(1297, 7, '2024-08-06 17:28:08', '2024-08-06 17:29:44', 22.00, 2),
(1298, 8, '2024-08-06 17:15:13', '2024-08-06 17:15:57', 17.00, 2),
(1299, 9, '2024-08-06 17:17:39', '2024-08-06 17:28:46', 23.00, 2),
(1300, 10, '2024-08-06 17:26:02', '2024-08-06 17:21:54', 16.00, 2),
(1301, 11, '2024-08-06 17:19:42', '2024-08-06 17:17:43', 19.00, 2),
(1302, 12, '2024-08-06 17:25:12', '2024-08-06 17:27:06', 23.00, 2),
(1303, 13, '2024-08-06 17:24:53', '2024-08-06 17:25:42', 27.00, 2),
(1304, 14, '2024-08-06 17:22:43', '2024-08-06 17:15:05', 21.00, 2),
(1305, 15, '2024-08-06 17:17:23', '2024-08-06 17:25:39', 18.00, 2),
(1306, 16, '2024-08-06 17:20:24', '2024-08-06 17:20:37', 28.00, 2),
(1307, 17, '2024-08-06 17:16:49', '2024-08-06 17:16:22', 18.00, 2),
(1308, 18, '2024-08-06 17:27:23', '2024-08-06 17:27:29', 29.00, 2),
(1309, 19, '2024-08-06 17:24:18', '2024-08-06 17:24:03', 30.00, 2),
(1310, 20, '2024-08-06 17:26:24', '2024-08-06 17:27:57', 24.00, 2),
(1311, 21, '2024-08-06 17:27:35', '2024-08-06 17:26:24', 17.00, 2),
(1312, 22, '2024-08-06 17:20:40', '2024-08-06 17:23:19', 23.00, 2),
(1313, 23, '2024-08-06 17:17:02', '2024-08-06 17:17:43', 30.00, 2),
(1314, 24, '2024-08-06 17:15:11', '2024-08-06 17:15:27', 22.00, 2),
(1315, 25, '2024-08-06 17:15:13', '2024-08-06 17:23:32', 19.00, 2),
(1316, 26, '2024-08-06 17:18:02', '2024-08-06 17:18:48', 23.00, 2),
(1317, 27, '2024-08-06 17:23:09', '2024-08-06 17:18:14', 24.00, 2),
(1318, 28, '2024-08-06 17:25:47', '2024-08-06 17:29:19', 18.00, 2),
(1319, 29, '2024-08-06 17:20:47', '2024-08-06 17:21:21', 23.00, 2),
(1320, 30, '2024-08-06 17:17:56', '2024-08-06 17:15:51', 20.00, 2),
(1321, 1, '2024-08-07 17:17:14', '2024-08-07 17:21:24', 17.00, 2),
(1322, 2, '2024-08-07 17:19:19', '2024-08-07 17:17:52', 29.00, 2),
(1323, 3, '2024-08-07 17:16:20', '2024-08-07 17:16:44', 18.00, 2),
(1324, 4, '2024-08-07 17:25:16', '2024-08-07 17:20:38', 30.00, 2),
(1325, 5, '2024-08-07 17:17:13', '2024-08-07 17:17:09', 30.00, 2),
(1326, 6, '2024-08-07 17:17:12', '2024-08-07 17:20:37', 15.00, 2),
(1327, 7, '2024-08-07 17:19:30', '2024-08-07 17:19:21', 29.00, 2),
(1328, 8, '2024-08-07 17:19:29', '2024-08-07 17:17:31', 18.00, 2),
(1329, 9, '2024-08-07 17:18:56', '2024-08-07 17:18:02', 23.00, 2),
(1330, 10, '2024-08-07 17:20:45', '2024-08-07 17:27:34', 25.00, 2),
(1331, 11, '2024-08-07 17:19:23', '2024-08-07 17:27:46', 20.00, 2),
(1332, 12, '2024-08-07 17:16:49', '2024-08-07 17:15:31', 30.00, 2),
(1333, 13, '2024-08-07 17:28:59', '2024-08-07 17:15:06', 17.00, 2),
(1334, 14, '2024-08-07 17:23:53', '2024-08-07 17:20:13', 27.00, 2),
(1335, 15, '2024-08-07 17:15:16', '2024-08-07 17:15:06', 29.00, 2),
(1336, 16, '2024-08-07 17:26:55', '2024-08-07 17:20:44', 22.00, 2),
(1337, 17, '2024-08-07 17:29:06', '2024-08-07 17:29:18', 28.00, 2),
(1338, 18, '2024-08-07 17:20:48', '2024-08-07 17:29:29', 21.00, 2),
(1339, 19, '2024-08-07 17:28:50', '2024-08-07 17:17:42', 17.00, 2),
(1340, 20, '2024-08-07 17:27:48', '2024-08-07 17:26:40', 19.00, 2),
(1341, 21, '2024-08-07 17:24:55', '2024-08-07 17:25:31', 23.00, 2),
(1342, 22, '2024-08-07 17:19:40', '2024-08-07 17:28:01', 21.00, 2),
(1343, 23, '2024-08-07 17:22:12', '2024-08-07 17:16:14', 25.00, 2),
(1344, 24, '2024-08-07 17:19:41', '2024-08-07 17:29:48', 15.00, 2),
(1345, 25, '2024-08-07 17:22:36', '2024-08-07 17:22:24', 18.00, 2),
(1346, 26, '2024-08-07 17:17:35', '2024-08-07 17:15:29', 17.00, 2),
(1347, 27, '2024-08-07 17:18:21', '2024-08-07 17:18:48', 18.00, 2),
(1348, 28, '2024-08-07 17:21:14', '2024-08-07 17:26:46', 15.00, 2),
(1349, 29, '2024-08-07 17:24:42', '2024-08-07 17:26:39', 21.00, 2),
(1350, 30, '2024-08-07 17:29:48', '2024-08-07 17:22:31', 18.00, 2),
(1351, 1, '2024-08-08 17:29:40', '2024-08-08 17:19:36', 16.00, 2),
(1352, 2, '2024-08-08 17:20:53', '2024-08-08 17:25:38', 26.00, 2),
(1353, 3, '2024-08-08 17:17:38', '2024-08-08 17:28:05', 23.00, 2),
(1354, 4, '2024-08-08 17:16:08', '2024-08-08 17:25:30', 19.00, 2),
(1355, 5, '2024-08-08 17:18:01', '2024-08-08 17:26:33', 29.00, 2),
(1356, 6, '2024-08-08 17:19:41', '2024-08-08 17:27:08', 16.00, 2),
(1357, 7, '2024-08-08 17:24:59', '2024-08-08 17:20:47', 23.00, 2),
(1358, 8, '2024-08-08 17:28:42', '2024-08-08 17:27:55', 18.00, 2),
(1359, 9, '2024-08-08 17:27:13', '2024-08-08 17:21:40', 24.00, 2),
(1360, 10, '2024-08-08 17:15:26', '2024-08-08 17:16:05', 17.00, 2),
(1361, 11, '2024-08-08 17:18:33', '2024-08-08 17:28:01', 23.00, 2),
(1362, 12, '2024-08-08 17:23:24', '2024-08-08 17:19:48', 25.00, 2),
(1363, 13, '2024-08-08 17:16:48', '2024-08-08 17:15:33', 15.00, 2),
(1364, 14, '2024-08-08 17:25:49', '2024-08-08 17:28:45', 20.00, 2),
(1365, 15, '2024-08-08 17:24:53', '2024-08-08 17:25:31', 23.00, 2),
(1366, 16, '2024-08-08 17:23:34', '2024-08-08 17:23:49', 20.00, 2),
(1367, 17, '2024-08-08 17:16:03', '2024-08-08 17:18:15', 26.00, 2),
(1368, 18, '2024-08-08 17:15:18', '2024-08-08 17:20:56', 21.00, 2),
(1369, 19, '2024-08-08 17:19:49', '2024-08-08 17:23:43', 30.00, 2),
(1370, 20, '2024-08-08 17:17:49', '2024-08-08 17:27:53', 16.00, 2),
(1371, 21, '2024-08-08 17:18:56', '2024-08-08 17:25:19', 17.00, 2),
(1372, 22, '2024-08-08 17:24:05', '2024-08-08 17:16:44', 22.00, 2),
(1373, 23, '2024-08-08 17:22:50', '2024-08-08 17:26:30', 15.00, 2),
(1374, 24, '2024-08-08 17:23:18', '2024-08-08 17:19:07', 26.00, 2),
(1375, 25, '2024-08-08 17:19:40', '2024-08-08 17:21:47', 19.00, 2),
(1376, 26, '2024-08-08 17:17:06', '2024-08-08 17:23:15', 30.00, 2),
(1377, 27, '2024-08-08 17:26:41', '2024-08-08 17:26:14', 27.00, 2),
(1378, 28, '2024-08-08 17:27:24', '2024-08-08 17:23:23', 29.00, 2),
(1379, 29, '2024-08-08 17:18:25', '2024-08-08 17:18:45', 16.00, 2),
(1380, 30, '2024-08-08 17:26:23', '2024-08-08 17:24:23', 20.00, 2),
(1381, 1, '2024-08-09 17:28:44', '2024-08-09 17:21:50', 19.00, 2),
(1382, 2, '2024-08-09 17:24:20', '2024-08-09 17:16:16', 23.00, 2),
(1383, 3, '2024-08-09 17:26:19', '2024-08-09 17:26:05', 30.00, 2),
(1384, 4, '2024-08-09 17:17:43', '2024-08-09 17:15:30', 15.00, 2),
(1385, 5, '2024-08-09 17:19:36', '2024-08-09 17:28:13', 27.00, 2),
(1386, 6, '2024-08-09 17:21:37', '2024-08-09 17:19:34', 16.00, 2),
(1387, 7, '2024-08-09 17:28:09', '2024-08-09 17:26:33', 27.00, 2),
(1388, 8, '2024-08-09 17:23:09', '2024-08-09 17:26:32', 27.00, 2),
(1389, 9, '2024-08-09 17:22:17', '2024-08-09 17:24:12', 18.00, 2),
(1390, 10, '2024-08-09 17:28:15', '2024-08-09 17:28:02', 28.00, 2),
(1391, 11, '2024-08-09 17:29:52', '2024-08-09 17:24:55', 26.00, 2),
(1392, 12, '2024-08-09 17:19:54', '2024-08-09 17:18:45', 24.00, 2),
(1393, 13, '2024-08-09 17:20:27', '2024-08-09 17:18:34', 27.00, 2),
(1394, 14, '2024-08-09 17:25:24', '2024-08-09 17:20:19', 21.00, 2),
(1395, 15, '2024-08-09 17:18:24', '2024-08-09 17:24:39', 26.00, 2),
(1396, 16, '2024-08-09 17:19:44', '2024-08-09 17:23:51', 18.00, 2),
(1397, 17, '2024-08-09 17:25:29', '2024-08-09 17:21:16', 26.00, 2),
(1398, 18, '2024-08-09 17:16:12', '2024-08-09 17:21:10', 28.00, 2),
(1399, 19, '2024-08-09 17:26:40', '2024-08-09 17:23:49', 19.00, 2),
(1400, 20, '2024-08-09 17:28:56', '2024-08-09 17:23:59', 18.00, 2),
(1401, 21, '2024-08-09 17:29:39', '2024-08-09 17:22:03', 26.00, 2),
(1402, 22, '2024-08-09 17:26:48', '2024-08-09 17:24:21', 29.00, 2),
(1403, 23, '2024-08-09 17:22:57', '2024-08-09 17:28:56', 22.00, 2),
(1404, 24, '2024-08-09 17:24:41', '2024-08-09 17:18:43', 27.00, 2),
(1405, 25, '2024-08-09 17:24:28', '2024-08-09 17:29:05', 17.00, 2),
(1406, 26, '2024-08-09 17:27:53', '2024-08-09 17:25:49', 30.00, 2),
(1407, 27, '2024-08-09 17:17:24', '2024-08-09 17:21:39', 20.00, 2),
(1408, 28, '2024-08-09 17:27:57', '2024-08-09 17:18:02', 23.00, 2),
(1409, 29, '2024-08-09 17:28:32', '2024-08-09 17:24:21', 18.00, 2),
(1410, 30, '2024-08-09 17:20:13', '2024-08-09 17:20:58', 23.00, 2),
(1411, 1, '2024-08-10 17:16:46', '2024-08-10 17:22:16', 29.00, 2),
(1412, 2, '2024-08-10 17:18:07', '2024-08-10 17:29:18', 28.00, 2),
(1413, 3, '2024-08-10 17:28:44', '2024-08-10 17:22:24', 16.00, 2),
(1414, 4, '2024-08-10 17:16:00', '2024-08-10 17:25:15', 15.00, 2),
(1415, 5, '2024-08-10 17:21:15', '2024-08-10 17:29:12', 24.00, 2),
(1416, 6, '2024-08-10 17:28:33', '2024-08-10 17:17:52', 25.00, 2),
(1417, 7, '2024-08-10 17:28:52', '2024-08-10 17:27:07', 29.00, 2),
(1418, 8, '2024-08-10 17:20:51', '2024-08-10 17:18:10', 27.00, 2),
(1419, 9, '2024-08-10 17:22:38', '2024-08-10 17:24:24', 17.00, 2),
(1420, 10, '2024-08-10 17:19:13', '2024-08-10 17:21:49', 27.00, 2),
(1421, 11, '2024-08-10 17:24:48', '2024-08-10 17:17:43', 18.00, 2),
(1422, 12, '2024-08-10 17:20:41', '2024-08-10 17:25:23', 23.00, 2),
(1423, 13, '2024-08-10 17:17:42', '2024-08-10 17:24:53', 27.00, 2),
(1424, 14, '2024-08-10 17:17:06', '2024-08-10 17:23:55', 30.00, 2),
(1425, 15, '2024-08-10 17:27:46', '2024-08-10 17:29:44', 28.00, 2),
(1426, 16, '2024-08-10 17:23:59', '2024-08-10 17:20:29', 16.00, 2),
(1427, 17, '2024-08-10 17:19:30', '2024-08-10 17:22:16', 17.00, 2),
(1428, 18, '2024-08-10 17:28:30', '2024-08-10 17:19:47', 23.00, 2),
(1429, 19, '2024-08-10 17:28:22', '2024-08-10 17:19:49', 26.00, 2),
(1430, 20, '2024-08-10 17:27:42', '2024-08-10 17:20:35', 22.00, 2),
(1431, 21, '2024-08-10 17:15:30', '2024-08-10 17:27:08', 19.00, 2),
(1432, 22, '2024-08-10 17:20:28', '2024-08-10 17:26:41', 25.00, 2),
(1433, 23, '2024-08-10 17:16:28', '2024-08-10 17:26:54', 30.00, 2),
(1434, 24, '2024-08-10 17:18:50', '2024-08-10 17:17:43', 17.00, 2),
(1435, 25, '2024-08-10 17:22:04', '2024-08-10 17:26:05', 17.00, 2),
(1436, 26, '2024-08-10 17:20:36', '2024-08-10 17:26:26', 17.00, 2),
(1437, 27, '2024-08-10 17:25:04', '2024-08-10 17:23:02', 26.00, 2),
(1438, 28, '2024-08-10 17:18:53', '2024-08-10 17:28:08', 20.00, 2),
(1439, 29, '2024-08-10 17:25:55', '2024-08-10 17:16:23', 17.00, 2),
(1440, 30, '2024-08-10 17:22:58', '2024-08-10 17:28:41', 16.00, 2),
(1441, 1, '2024-08-11 17:19:18', '2024-08-11 17:24:56', 19.00, 2),
(1442, 2, '2024-08-11 17:22:18', '2024-08-11 17:28:16', 17.00, 2),
(1443, 3, '2024-08-11 17:15:47', '2024-08-11 17:17:10', 21.00, 2),
(1444, 4, '2024-08-11 17:26:18', '2024-08-11 17:26:25', 21.00, 2),
(1445, 5, '2024-08-11 17:23:22', '2024-08-11 17:17:24', 17.00, 2),
(1446, 6, '2024-08-11 17:28:30', '2024-08-11 17:23:55', 24.00, 2),
(1447, 7, '2024-08-11 17:24:09', '2024-08-11 17:25:21', 15.00, 2),
(1448, 8, '2024-08-11 17:16:16', '2024-08-11 17:24:29', 25.00, 2),
(1449, 9, '2024-08-11 17:22:10', '2024-08-11 17:19:14', 15.00, 2),
(1450, 10, '2024-08-11 17:18:32', '2024-08-11 17:27:59', 22.00, 2),
(1451, 11, '2024-08-11 17:19:43', '2024-08-11 17:24:55', 28.00, 2),
(1452, 12, '2024-08-11 17:28:11', '2024-08-11 17:24:48', 18.00, 2),
(1453, 13, '2024-08-11 17:22:21', '2024-08-11 17:18:42', 16.00, 2),
(1454, 14, '2024-08-11 17:23:42', '2024-08-11 17:21:12', 21.00, 2),
(1455, 15, '2024-08-11 17:15:11', '2024-08-11 17:24:56', 20.00, 2),
(1456, 16, '2024-08-11 17:16:18', '2024-08-11 17:20:00', 15.00, 2),
(1457, 17, '2024-08-11 17:21:26', '2024-08-11 17:28:04', 26.00, 2),
(1458, 18, '2024-08-11 17:24:36', '2024-08-11 17:29:00', 29.00, 2),
(1459, 19, '2024-08-11 17:16:54', '2024-08-11 17:22:44', 21.00, 2),
(1460, 20, '2024-08-11 17:27:30', '2024-08-11 17:24:55', 15.00, 2),
(1461, 21, '2024-08-11 17:26:34', '2024-08-11 17:25:05', 18.00, 2),
(1462, 22, '2024-08-11 17:26:45', '2024-08-11 17:27:22', 20.00, 2),
(1463, 23, '2024-08-11 17:25:04', '2024-08-11 17:20:16', 25.00, 2),
(1464, 24, '2024-08-11 17:25:20', '2024-08-11 17:30:00', 25.00, 2),
(1465, 25, '2024-08-11 17:18:39', '2024-08-11 17:18:52', 15.00, 2),
(1466, 26, '2024-08-11 17:18:53', '2024-08-11 17:29:19', 16.00, 2),
(1467, 27, '2024-08-11 17:16:24', '2024-08-11 17:21:58', 27.00, 2),
(1468, 28, '2024-08-11 17:21:25', '2024-08-11 17:16:22', 24.00, 2),
(1469, 29, '2024-08-11 17:21:19', '2024-08-11 17:20:59', 22.00, 2),
(1470, 30, '2024-08-11 17:28:46', '2024-08-11 17:26:57', 27.00, 2),
(1471, 1, '2024-08-12 17:27:42', '2024-08-12 17:20:45', 26.00, 2),
(1472, 2, '2024-08-12 17:27:26', '2024-08-12 17:29:44', 17.00, 2),
(1473, 3, '2024-08-12 17:24:18', '2024-08-12 17:24:41', 29.00, 2),
(1474, 4, '2024-08-12 17:16:00', '2024-08-12 17:19:26', 22.00, 2),
(1475, 5, '2024-08-12 17:27:19', '2024-08-12 17:27:39', 19.00, 2),
(1476, 6, '2024-08-12 17:27:58', '2024-08-12 17:27:30', 20.00, 2),
(1477, 7, '2024-08-12 17:20:03', '2024-08-12 17:15:40', 29.00, 2),
(1478, 8, '2024-08-12 17:26:35', '2024-08-12 17:25:58', 22.00, 2),
(1479, 9, '2024-08-12 17:27:28', '2024-08-12 17:24:13', 16.00, 2),
(1480, 10, '2024-08-12 17:26:34', '2024-08-12 17:26:12', 28.00, 2),
(1481, 11, '2024-08-12 17:29:27', '2024-08-12 17:19:03', 22.00, 2),
(1482, 12, '2024-08-12 17:20:29', '2024-08-12 17:16:00', 30.00, 2),
(1483, 13, '2024-08-12 17:24:40', '2024-08-12 17:16:10', 15.00, 2),
(1484, 14, '2024-08-12 17:18:01', '2024-08-12 17:27:41', 24.00, 2),
(1485, 15, '2024-08-12 17:27:00', '2024-08-12 17:23:40', 26.00, 2),
(1486, 16, '2024-08-12 17:26:01', '2024-08-12 17:21:26', 21.00, 2),
(1487, 17, '2024-08-12 17:21:06', '2024-08-12 17:28:56', 20.00, 2),
(1488, 18, '2024-08-12 17:16:39', '2024-08-12 17:15:26', 15.00, 2),
(1489, 19, '2024-08-12 17:21:56', '2024-08-12 17:27:07', 28.00, 2),
(1490, 20, '2024-08-12 17:20:27', '2024-08-12 17:25:28', 29.00, 2),
(1491, 21, '2024-08-12 17:23:16', '2024-08-12 17:21:31', 19.00, 2),
(1492, 22, '2024-08-12 17:25:56', '2024-08-12 17:23:21', 20.00, 2),
(1493, 23, '2024-08-12 17:25:16', '2024-08-12 17:20:44', 17.00, 2),
(1494, 24, '2024-08-12 17:23:57', '2024-08-12 17:15:08', 19.00, 2),
(1495, 25, '2024-08-12 17:29:05', '2024-08-12 17:18:52', 24.00, 2),
(1496, 26, '2024-08-12 17:29:34', '2024-08-12 17:21:06', 21.00, 2),
(1497, 27, '2024-08-12 17:27:07', '2024-08-12 17:24:17', 22.00, 2),
(1498, 28, '2024-08-12 17:15:07', '2024-08-12 17:16:11', 24.00, 2),
(1499, 29, '2024-08-12 17:18:04', '2024-08-12 17:24:36', 15.00, 2),
(1500, 30, '2024-08-12 17:15:26', '2024-08-12 17:15:23', 17.00, 2),
(1501, 1, '2024-08-13 17:19:23', '2024-08-13 17:15:14', 30.00, 2),
(1502, 2, '2024-08-13 17:19:56', '2024-08-13 17:15:50', 19.00, 2),
(1503, 3, '2024-08-13 17:24:37', '2024-08-13 17:29:18', 20.00, 2),
(1504, 4, '2024-08-13 17:23:15', '2024-08-13 17:19:54', 29.00, 2),
(1505, 5, '2024-08-13 17:29:05', '2024-08-13 17:18:20', 28.00, 2),
(1506, 6, '2024-08-13 17:16:42', '2024-08-13 17:29:08', 15.00, 2),
(1507, 7, '2024-08-13 17:20:53', '2024-08-13 17:15:44', 18.00, 2),
(1508, 8, '2024-08-13 17:23:45', '2024-08-13 17:15:24', 28.00, 2),
(1509, 9, '2024-08-13 17:24:55', '2024-08-13 17:19:32', 26.00, 2),
(1510, 10, '2024-08-13 17:26:12', '2024-08-13 17:21:40', 24.00, 2),
(1511, 11, '2024-08-13 17:29:04', '2024-08-13 17:17:08', 16.00, 2),
(1512, 12, '2024-08-13 17:22:49', '2024-08-13 17:24:01', 21.00, 2),
(1513, 13, '2024-08-13 17:21:53', '2024-08-13 17:15:40', 16.00, 2),
(1514, 14, '2024-08-13 17:16:04', '2024-08-13 17:23:10', 29.00, 2),
(1515, 15, '2024-08-13 17:17:08', '2024-08-13 17:15:49', 16.00, 2),
(1516, 16, '2024-08-13 17:23:58', '2024-08-13 17:23:48', 30.00, 2),
(1517, 17, '2024-08-13 17:17:38', '2024-08-13 17:15:53', 25.00, 2),
(1518, 18, '2024-08-13 17:19:28', '2024-08-13 17:23:53', 23.00, 2),
(1519, 19, '2024-08-13 17:25:16', '2024-08-13 17:23:07', 25.00, 2),
(1520, 20, '2024-08-13 17:26:26', '2024-08-13 17:28:42', 25.00, 2),
(1521, 21, '2024-08-13 17:29:16', '2024-08-13 17:29:43', 20.00, 2),
(1522, 22, '2024-08-13 17:26:04', '2024-08-13 17:16:00', 21.00, 2),
(1523, 23, '2024-08-13 17:29:57', '2024-08-13 17:20:07', 24.00, 2),
(1524, 24, '2024-08-13 17:28:32', '2024-08-13 17:16:29', 25.00, 2),
(1525, 25, '2024-08-13 17:16:19', '2024-08-13 17:26:23', 20.00, 2),
(1526, 26, '2024-08-13 17:19:04', '2024-08-13 17:25:44', 25.00, 2),
(1527, 27, '2024-08-13 17:21:53', '2024-08-13 17:19:24', 24.00, 2),
(1528, 28, '2024-08-13 17:16:26', '2024-08-13 17:19:22', 30.00, 2),
(1529, 29, '2024-08-13 17:26:16', '2024-08-13 17:27:10', 24.00, 2),
(1530, 30, '2024-08-13 17:27:48', '2024-08-13 17:23:57', 20.00, 2),
(1531, 1, '2024-08-14 17:16:56', '2024-08-14 17:27:40', 25.00, 2),
(1532, 2, '2024-08-14 17:20:40', '2024-08-14 17:21:39', 16.00, 2),
(1533, 3, '2024-08-14 17:16:15', '2024-08-14 17:18:02', 18.00, 2),
(1534, 4, '2024-08-14 17:23:47', '2024-08-14 17:21:04', 17.00, 2);
INSERT INTO `milk` (`id`, `cattle_id`, `milking_start_time`, `milking_stop_time`, `milk_amount`, `milking_id`) VALUES
(1535, 5, '2024-08-14 17:20:00', '2024-08-14 17:20:40', 19.00, 2),
(1536, 6, '2024-08-14 17:22:29', '2024-08-14 17:28:58', 30.00, 2),
(1537, 7, '2024-08-14 17:16:59', '2024-08-14 17:16:11', 26.00, 2),
(1538, 8, '2024-08-14 17:16:55', '2024-08-14 17:18:27', 17.00, 2),
(1539, 9, '2024-08-14 17:15:14', '2024-08-14 17:16:49', 21.00, 2),
(1540, 10, '2024-08-14 17:15:12', '2024-08-14 17:27:04', 22.00, 2),
(1541, 11, '2024-08-14 17:28:38', '2024-08-14 17:19:07', 21.00, 2),
(1542, 12, '2024-08-14 17:15:28', '2024-08-14 17:25:02', 18.00, 2),
(1543, 13, '2024-08-14 17:18:21', '2024-08-14 17:23:45', 22.00, 2),
(1544, 14, '2024-08-14 17:21:16', '2024-08-14 17:17:02', 26.00, 2),
(1545, 15, '2024-08-14 17:16:11', '2024-08-14 17:26:58', 20.00, 2),
(1546, 16, '2024-08-14 17:29:21', '2024-08-14 17:29:48', 20.00, 2),
(1547, 17, '2024-08-14 17:19:32', '2024-08-14 17:16:33', 26.00, 2),
(1548, 18, '2024-08-14 17:18:22', '2024-08-14 17:19:30', 18.00, 2),
(1549, 19, '2024-08-14 17:22:13', '2024-08-14 17:19:25', 19.00, 2),
(1550, 20, '2024-08-14 17:17:28', '2024-08-14 17:25:35', 15.00, 2),
(1551, 21, '2024-08-14 17:22:15', '2024-08-14 17:24:55', 19.00, 2),
(1552, 22, '2024-08-14 17:28:43', '2024-08-14 17:20:17', 15.00, 2),
(1553, 23, '2024-08-14 17:19:48', '2024-08-14 17:19:08', 19.00, 2),
(1554, 24, '2024-08-14 17:17:45', '2024-08-14 17:22:48', 25.00, 2),
(1555, 25, '2024-08-14 17:23:12', '2024-08-14 17:29:01', 20.00, 2),
(1556, 26, '2024-08-14 17:26:42', '2024-08-14 17:22:20', 15.00, 2),
(1557, 27, '2024-08-14 17:27:41', '2024-08-14 17:29:04', 30.00, 2),
(1558, 28, '2024-08-14 17:29:47', '2024-08-14 17:18:24', 18.00, 2),
(1559, 29, '2024-08-14 17:27:45', '2024-08-14 17:29:14', 16.00, 2),
(1560, 30, '2024-08-14 17:20:49', '2024-08-14 17:28:26', 29.00, 2),
(1561, 1, '2024-08-15 17:24:34', '2024-08-15 17:26:58', 30.00, 2),
(1562, 2, '2024-08-15 17:23:46', '2024-08-15 17:15:09', 22.00, 2),
(1563, 3, '2024-08-15 17:20:10', '2024-08-15 17:23:19', 15.00, 2),
(1564, 4, '2024-08-15 17:18:18', '2024-08-15 17:19:10', 27.00, 2),
(1565, 5, '2024-08-15 17:15:31', '2024-08-15 17:20:42', 28.00, 2),
(1566, 6, '2024-08-15 17:26:07', '2024-08-15 17:21:43', 26.00, 2),
(1567, 7, '2024-08-15 17:18:25', '2024-08-15 17:15:29', 19.00, 2),
(1568, 8, '2024-08-15 17:22:56', '2024-08-15 17:20:10', 25.00, 2),
(1569, 9, '2024-08-15 17:29:14', '2024-08-15 17:23:03', 24.00, 2),
(1570, 10, '2024-08-15 17:15:04', '2024-08-15 17:19:34', 25.00, 2),
(1571, 11, '2024-08-15 17:15:46', '2024-08-15 17:15:25', 28.00, 2),
(1572, 12, '2024-08-15 17:19:40', '2024-08-15 17:20:43', 26.00, 2),
(1573, 13, '2024-08-15 17:24:30', '2024-08-15 17:27:14', 21.00, 2),
(1574, 14, '2024-08-15 17:18:52', '2024-08-15 17:27:13', 15.00, 2),
(1575, 15, '2024-08-15 17:23:36', '2024-08-15 17:19:55', 25.00, 2),
(1576, 16, '2024-08-15 17:25:44', '2024-08-15 17:25:16', 20.00, 2),
(1577, 17, '2024-08-15 17:24:05', '2024-08-15 17:15:30', 25.00, 2),
(1578, 18, '2024-08-15 17:24:31', '2024-08-15 17:24:37', 24.00, 2),
(1579, 19, '2024-08-15 17:18:53', '2024-08-15 17:18:38', 21.00, 2),
(1580, 20, '2024-08-15 17:24:38', '2024-08-15 17:15:52', 25.00, 2),
(1581, 21, '2024-08-15 17:25:14', '2024-08-15 17:28:50', 15.00, 2),
(1582, 22, '2024-08-15 17:16:43', '2024-08-15 17:29:08', 30.00, 2),
(1583, 23, '2024-08-15 17:19:34', '2024-08-15 17:20:32', 23.00, 2),
(1584, 24, '2024-08-15 17:19:26', '2024-08-15 17:25:56', 24.00, 2),
(1585, 25, '2024-08-15 17:27:58', '2024-08-15 17:18:06', 24.00, 2),
(1586, 26, '2024-08-15 17:17:29', '2024-08-15 17:28:15', 29.00, 2),
(1587, 27, '2024-08-15 17:23:39', '2024-08-15 17:29:11', 17.00, 2),
(1588, 28, '2024-08-15 17:28:49', '2024-08-15 17:24:31', 17.00, 2),
(1589, 29, '2024-08-15 17:29:18', '2024-08-15 17:22:11', 18.00, 2),
(1590, 30, '2024-08-15 17:27:52', '2024-08-15 17:29:26', 19.00, 2),
(1591, 1, '2024-08-16 17:22:23', '2024-08-16 17:17:28', 18.00, 2),
(1592, 2, '2024-08-16 17:27:02', '2024-08-16 17:27:45', 25.00, 2),
(1593, 3, '2024-08-16 17:28:19', '2024-08-16 17:18:35', 30.00, 2),
(1594, 4, '2024-08-16 17:24:40', '2024-08-16 17:27:02', 30.00, 2),
(1595, 5, '2024-08-16 17:22:27', '2024-08-16 17:29:00', 16.00, 2),
(1596, 6, '2024-08-16 17:24:26', '2024-08-16 17:19:59', 29.00, 2),
(1597, 7, '2024-08-16 17:20:52', '2024-08-16 17:16:24', 18.00, 2),
(1598, 8, '2024-08-16 17:29:05', '2024-08-16 17:22:13', 23.00, 2),
(1599, 9, '2024-08-16 17:16:35', '2024-08-16 17:25:33', 28.00, 2),
(1600, 10, '2024-08-16 17:16:41', '2024-08-16 17:20:43', 26.00, 2),
(1601, 11, '2024-08-16 17:17:49', '2024-08-16 17:17:40', 16.00, 2),
(1602, 12, '2024-08-16 17:27:16', '2024-08-16 17:29:35', 16.00, 2),
(1603, 13, '2024-08-16 17:22:35', '2024-08-16 17:24:40', 24.00, 2),
(1604, 14, '2024-08-16 17:16:28', '2024-08-16 17:23:32', 15.00, 2),
(1605, 15, '2024-08-16 17:18:48', '2024-08-16 17:23:17', 20.00, 2),
(1606, 16, '2024-08-16 17:25:33', '2024-08-16 17:26:55', 29.00, 2),
(1607, 17, '2024-08-16 17:26:12', '2024-08-16 17:24:33', 28.00, 2),
(1608, 18, '2024-08-16 17:15:45', '2024-08-16 17:29:52', 15.00, 2),
(1609, 19, '2024-08-16 17:21:19', '2024-08-16 17:28:01', 27.00, 2),
(1610, 20, '2024-08-16 17:29:56', '2024-08-16 17:25:05', 28.00, 2),
(1611, 21, '2024-08-16 17:27:20', '2024-08-16 17:19:42', 24.00, 2),
(1612, 22, '2024-08-16 17:29:55', '2024-08-16 17:18:31', 19.00, 2),
(1613, 23, '2024-08-16 17:27:37', '2024-08-16 17:27:13', 19.00, 2),
(1614, 24, '2024-08-16 17:18:42', '2024-08-16 17:27:45', 30.00, 2),
(1615, 25, '2024-08-16 17:17:41', '2024-08-16 17:29:22', 20.00, 2),
(1616, 26, '2024-08-16 17:17:06', '2024-08-16 17:17:52', 16.00, 2),
(1617, 27, '2024-08-16 17:21:57', '2024-08-16 17:24:03', 20.00, 2),
(1618, 28, '2024-08-16 17:17:03', '2024-08-16 17:25:31', 20.00, 2),
(1619, 29, '2024-08-16 17:27:11', '2024-08-16 17:20:22', 25.00, 2),
(1620, 30, '2024-08-16 17:28:57', '2024-08-16 17:18:18', 29.00, 2),
(1621, 1, '2024-08-17 17:29:00', '2024-08-17 17:27:37', 23.00, 2),
(1622, 2, '2024-08-17 17:26:10', '2024-08-17 17:19:01', 26.00, 2),
(1623, 3, '2024-08-17 17:15:14', '2024-08-17 17:28:37', 26.00, 2),
(1624, 4, '2024-08-17 17:26:27', '2024-08-17 17:23:18', 26.00, 2),
(1625, 5, '2024-08-17 17:20:46', '2024-08-17 17:23:10', 18.00, 2),
(1626, 6, '2024-08-17 17:20:37', '2024-08-17 17:19:59', 25.00, 2),
(1627, 7, '2024-08-17 17:18:03', '2024-08-17 17:19:05', 30.00, 2),
(1628, 8, '2024-08-17 17:22:52', '2024-08-17 17:27:22', 19.00, 2),
(1629, 9, '2024-08-17 17:24:37', '2024-08-17 17:24:26', 18.00, 2),
(1630, 10, '2024-08-17 17:29:47', '2024-08-17 17:28:14', 25.00, 2),
(1631, 11, '2024-08-17 17:17:04', '2024-08-17 17:20:28', 29.00, 2),
(1632, 12, '2024-08-17 17:18:09', '2024-08-17 17:22:18', 23.00, 2),
(1633, 13, '2024-08-17 17:28:54', '2024-08-17 17:25:24', 20.00, 2),
(1634, 14, '2024-08-17 17:15:35', '2024-08-17 17:28:51', 26.00, 2),
(1635, 15, '2024-08-17 17:20:13', '2024-08-17 17:21:48', 27.00, 2),
(1636, 16, '2024-08-17 17:18:11', '2024-08-17 17:16:50', 23.00, 2),
(1637, 17, '2024-08-17 17:15:35', '2024-08-17 17:26:21', 15.00, 2),
(1638, 18, '2024-08-17 17:26:53', '2024-08-17 17:24:31', 16.00, 2),
(1639, 19, '2024-08-17 17:28:17', '2024-08-17 17:26:48', 15.00, 2),
(1640, 20, '2024-08-17 17:15:49', '2024-08-17 17:16:43', 26.00, 2),
(1641, 21, '2024-08-17 17:21:12', '2024-08-17 17:24:38', 29.00, 2),
(1642, 22, '2024-08-17 17:22:42', '2024-08-17 17:16:32', 23.00, 2),
(1643, 23, '2024-08-17 17:17:23', '2024-08-17 17:17:54', 28.00, 2),
(1644, 24, '2024-08-17 17:29:56', '2024-08-17 17:27:21', 17.00, 2),
(1645, 25, '2024-08-17 17:21:05', '2024-08-17 17:16:12', 25.00, 2),
(1646, 26, '2024-08-17 17:26:09', '2024-08-17 17:28:44', 30.00, 2),
(1647, 27, '2024-08-17 17:15:11', '2024-08-17 17:16:55', 25.00, 2),
(1648, 28, '2024-08-17 17:19:39', '2024-08-17 17:18:24', 20.00, 2),
(1649, 29, '2024-08-17 17:19:05', '2024-08-17 17:27:00', 23.00, 2),
(1650, 30, '2024-08-17 17:15:36', '2024-08-17 17:15:10', 25.00, 2),
(1651, 1, '2024-08-18 17:15:50', '2024-08-18 17:28:21', 26.00, 2),
(1652, 2, '2024-08-18 17:16:50', '2024-08-18 17:27:50', 30.00, 2),
(1653, 3, '2024-08-18 17:26:23', '2024-08-18 17:23:27', 15.00, 2),
(1654, 4, '2024-08-18 17:17:48', '2024-08-18 17:29:26', 20.00, 2),
(1655, 5, '2024-08-18 17:16:44', '2024-08-18 17:22:10', 27.00, 2),
(1656, 6, '2024-08-18 17:17:59', '2024-08-18 17:22:26', 29.00, 2),
(1657, 7, '2024-08-18 17:15:02', '2024-08-18 17:16:43', 22.00, 2),
(1658, 8, '2024-08-18 17:24:25', '2024-08-18 17:20:23', 22.00, 2),
(1659, 9, '2024-08-18 17:21:43', '2024-08-18 17:23:34', 28.00, 2),
(1660, 10, '2024-08-18 17:19:37', '2024-08-18 17:18:32', 24.00, 2),
(1661, 11, '2024-08-18 17:28:51', '2024-08-18 17:26:10', 23.00, 2),
(1662, 12, '2024-08-18 17:19:15', '2024-08-18 17:21:38', 22.00, 2),
(1663, 13, '2024-08-18 17:25:22', '2024-08-18 17:26:38', 26.00, 2),
(1664, 14, '2024-08-18 17:22:37', '2024-08-18 17:17:27', 30.00, 2),
(1665, 15, '2024-08-18 17:18:22', '2024-08-18 17:19:36', 20.00, 2),
(1666, 16, '2024-08-18 17:25:58', '2024-08-18 17:25:28', 21.00, 2),
(1667, 17, '2024-08-18 17:24:19', '2024-08-18 17:19:37', 22.00, 2),
(1668, 18, '2024-08-18 17:27:16', '2024-08-18 17:19:57', 15.00, 2),
(1669, 19, '2024-08-18 17:29:35', '2024-08-18 17:15:38', 20.00, 2),
(1670, 20, '2024-08-18 17:19:26', '2024-08-18 17:23:59', 26.00, 2),
(1671, 21, '2024-08-18 17:21:33', '2024-08-18 17:25:46', 18.00, 2),
(1672, 22, '2024-08-18 17:23:03', '2024-08-18 17:29:52', 26.00, 2),
(1673, 23, '2024-08-18 17:24:40', '2024-08-18 17:27:25', 23.00, 2),
(1674, 24, '2024-08-18 17:20:51', '2024-08-18 17:16:31', 21.00, 2),
(1675, 25, '2024-08-18 17:21:29', '2024-08-18 17:17:14', 27.00, 2),
(1676, 26, '2024-08-18 17:22:42', '2024-08-18 17:28:02', 21.00, 2),
(1677, 27, '2024-08-18 17:27:24', '2024-08-18 17:19:25', 16.00, 2),
(1678, 28, '2024-08-18 17:21:48', '2024-08-18 17:20:59', 30.00, 2),
(1679, 29, '2024-08-18 17:15:29', '2024-08-18 17:17:32', 18.00, 2),
(1680, 30, '2024-08-18 17:25:59', '2024-08-18 17:29:29', 19.00, 2),
(1681, 1, '2024-08-19 17:17:45', '2024-08-19 17:28:11', 23.00, 2),
(1682, 2, '2024-08-19 17:24:16', '2024-08-19 17:15:25', 20.00, 2),
(1683, 3, '2024-08-19 17:25:45', '2024-08-19 17:16:40', 26.00, 2),
(1684, 4, '2024-08-19 17:26:36', '2024-08-19 17:17:50', 24.00, 2),
(1685, 5, '2024-08-19 17:24:26', '2024-08-19 17:27:30', 29.00, 2),
(1686, 6, '2024-08-19 17:21:52', '2024-08-19 17:17:45', 17.00, 2),
(1687, 7, '2024-08-19 17:26:22', '2024-08-19 17:25:20', 27.00, 2),
(1688, 8, '2024-08-19 17:18:24', '2024-08-19 17:20:31', 26.00, 2),
(1689, 9, '2024-08-19 17:16:47', '2024-08-19 17:17:32', 29.00, 2),
(1690, 10, '2024-08-19 17:26:58', '2024-08-19 17:27:06', 27.00, 2),
(1691, 11, '2024-08-19 17:29:11', '2024-08-19 17:29:47', 22.00, 2),
(1692, 12, '2024-08-19 17:20:22', '2024-08-19 17:29:43', 18.00, 2),
(1693, 13, '2024-08-19 17:27:30', '2024-08-19 17:23:49', 21.00, 2),
(1694, 14, '2024-08-19 17:16:46', '2024-08-19 17:22:26', 17.00, 2),
(1695, 15, '2024-08-19 17:19:53', '2024-08-19 17:22:44', 22.00, 2),
(1696, 16, '2024-08-19 17:15:19', '2024-08-19 17:16:34', 30.00, 2),
(1697, 17, '2024-08-19 17:17:42', '2024-08-19 17:19:41', 17.00, 2),
(1698, 18, '2024-08-19 17:25:24', '2024-08-19 17:18:37', 29.00, 2),
(1699, 19, '2024-08-19 17:23:19', '2024-08-19 17:26:48', 30.00, 2),
(1700, 20, '2024-08-19 17:27:25', '2024-08-19 17:28:52', 29.00, 2),
(1701, 21, '2024-08-19 17:16:49', '2024-08-19 17:18:13', 29.00, 2),
(1702, 22, '2024-08-19 17:25:50', '2024-08-19 17:16:33', 22.00, 2),
(1703, 23, '2024-08-19 17:17:32', '2024-08-19 17:22:59', 17.00, 2),
(1704, 24, '2024-08-19 17:21:40', '2024-08-19 17:24:10', 27.00, 2),
(1705, 25, '2024-08-19 17:17:17', '2024-08-19 17:19:12', 29.00, 2),
(1706, 26, '2024-08-19 17:29:42', '2024-08-19 17:27:19', 20.00, 2),
(1707, 27, '2024-08-19 17:24:38', '2024-08-19 17:24:39', 23.00, 2),
(1708, 28, '2024-08-19 17:15:28', '2024-08-19 17:20:16', 18.00, 2),
(1709, 29, '2024-08-19 17:24:34', '2024-08-19 17:26:35', 21.00, 2),
(1710, 30, '2024-08-19 17:19:06', '2024-08-19 17:20:16', 24.00, 2),
(1711, 1, '2024-08-20 17:27:37', '2024-08-20 17:23:23', 26.00, 2),
(1712, 2, '2024-08-20 17:20:05', '2024-08-20 17:23:37', 23.00, 2),
(1713, 3, '2024-08-20 17:15:35', '2024-08-20 17:28:45', 24.00, 2),
(1714, 4, '2024-08-20 17:17:10', '2024-08-20 17:18:46', 20.00, 2),
(1715, 5, '2024-08-20 17:23:22', '2024-08-20 17:29:48', 20.00, 2),
(1716, 6, '2024-08-20 17:15:52', '2024-08-20 17:19:35', 28.00, 2),
(1717, 7, '2024-08-20 17:19:21', '2024-08-20 17:20:13', 19.00, 2),
(1718, 8, '2024-08-20 17:28:08', '2024-08-20 17:28:03', 15.00, 2),
(1719, 9, '2024-08-20 17:17:38', '2024-08-20 17:26:55', 28.00, 2),
(1720, 10, '2024-08-20 17:25:33', '2024-08-20 17:19:35', 17.00, 2),
(1721, 11, '2024-08-20 17:24:13', '2024-08-20 17:28:58', 19.00, 2),
(1722, 12, '2024-08-20 17:21:24', '2024-08-20 17:29:54', 21.00, 2),
(1723, 13, '2024-08-20 17:21:46', '2024-08-20 17:27:31', 24.00, 2),
(1724, 14, '2024-08-20 17:20:41', '2024-08-20 17:23:09', 19.00, 2),
(1725, 15, '2024-08-20 17:28:02', '2024-08-20 17:29:35', 20.00, 2),
(1726, 16, '2024-08-20 17:18:07', '2024-08-20 17:23:27', 19.00, 2),
(1727, 17, '2024-08-20 17:20:09', '2024-08-20 17:19:12', 15.00, 2),
(1728, 18, '2024-08-20 17:17:22', '2024-08-20 17:24:39', 27.00, 2),
(1729, 19, '2024-08-20 17:17:02', '2024-08-20 17:28:21', 23.00, 2),
(1730, 20, '2024-08-20 17:22:54', '2024-08-20 17:19:08', 17.00, 2),
(1731, 21, '2024-08-20 17:21:21', '2024-08-20 17:17:14', 29.00, 2),
(1732, 22, '2024-08-20 17:19:08', '2024-08-20 17:17:44', 28.00, 2),
(1733, 23, '2024-08-20 17:15:31', '2024-08-20 17:23:46', 20.00, 2),
(1734, 24, '2024-08-20 17:23:17', '2024-08-20 17:24:52', 18.00, 2),
(1735, 25, '2024-08-20 17:18:03', '2024-08-20 17:15:09', 18.00, 2),
(1736, 26, '2024-08-20 17:24:01', '2024-08-20 17:23:12', 15.00, 2),
(1737, 27, '2024-08-20 17:17:30', '2024-08-20 17:19:35', 18.00, 2),
(1738, 28, '2024-08-20 17:29:39', '2024-08-20 17:29:40', 28.00, 2),
(1739, 29, '2024-08-20 17:15:35', '2024-08-20 17:27:45', 16.00, 2),
(1740, 30, '2024-08-20 17:28:13', '2024-08-20 17:25:14', 27.00, 2),
(1741, 1, '2024-08-21 17:16:50', '2024-08-21 17:23:49', 16.00, 2),
(1742, 2, '2024-08-21 17:26:00', '2024-08-21 17:18:08', 24.00, 2),
(1743, 3, '2024-08-21 17:20:17', '2024-08-21 17:16:31', 30.00, 2),
(1744, 4, '2024-08-21 17:17:06', '2024-08-21 17:23:04', 26.00, 2),
(1745, 5, '2024-08-21 17:27:35', '2024-08-21 17:24:41', 24.00, 2),
(1746, 6, '2024-08-21 17:20:20', '2024-08-21 17:19:14', 29.00, 2),
(1747, 7, '2024-08-21 17:24:17', '2024-08-21 17:29:48', 21.00, 2),
(1748, 8, '2024-08-21 17:19:34', '2024-08-21 17:28:57', 29.00, 2),
(1749, 9, '2024-08-21 17:20:14', '2024-08-21 17:23:24', 16.00, 2),
(1750, 10, '2024-08-21 17:23:06', '2024-08-21 17:27:57', 29.00, 2),
(1751, 11, '2024-08-21 17:17:03', '2024-08-21 17:24:00', 17.00, 2),
(1752, 12, '2024-08-21 17:27:59', '2024-08-21 17:29:44', 25.00, 2),
(1753, 13, '2024-08-21 17:27:46', '2024-08-21 17:29:56', 16.00, 2),
(1754, 14, '2024-08-21 17:27:54', '2024-08-21 17:17:18', 22.00, 2),
(1755, 15, '2024-08-21 17:16:42', '2024-08-21 17:21:03', 17.00, 2),
(1756, 16, '2024-08-21 17:26:20', '2024-08-21 17:22:49', 16.00, 2),
(1757, 17, '2024-08-21 17:18:55', '2024-08-21 17:22:14', 26.00, 2),
(1758, 18, '2024-08-21 17:29:47', '2024-08-21 17:25:54', 18.00, 2),
(1759, 19, '2024-08-21 17:20:17', '2024-08-21 17:19:37', 22.00, 2),
(1760, 20, '2024-08-21 17:24:52', '2024-08-21 17:20:52', 26.00, 2),
(1761, 21, '2024-08-21 17:26:11', '2024-08-21 17:23:56', 29.00, 2),
(1762, 22, '2024-08-21 17:25:31', '2024-08-21 17:25:12', 22.00, 2),
(1763, 23, '2024-08-21 17:19:16', '2024-08-21 17:29:54', 24.00, 2),
(1764, 24, '2024-08-21 17:19:46', '2024-08-21 17:19:47', 19.00, 2),
(1765, 25, '2024-08-21 17:17:02', '2024-08-21 17:23:08', 29.00, 2),
(1766, 26, '2024-08-21 17:28:10', '2024-08-21 17:15:49', 15.00, 2),
(1767, 27, '2024-08-21 17:24:15', '2024-08-21 17:22:33', 28.00, 2),
(1768, 28, '2024-08-21 17:28:32', '2024-08-21 17:25:21', 25.00, 2),
(1769, 29, '2024-08-21 17:18:46', '2024-08-21 17:21:13', 20.00, 2),
(1770, 30, '2024-08-21 17:27:35', '2024-08-21 17:29:58', 21.00, 2),
(1771, 1, '2024-08-22 17:18:08', '2024-08-22 17:27:44', 23.00, 2),
(1772, 2, '2024-08-22 17:20:04', '2024-08-22 17:25:10', 28.00, 2),
(1773, 3, '2024-08-22 17:18:31', '2024-08-22 17:22:12', 15.00, 2),
(1774, 4, '2024-08-22 17:21:07', '2024-08-22 17:20:05', 20.00, 2),
(1775, 5, '2024-08-22 17:27:51', '2024-08-22 17:19:19', 22.00, 2),
(1776, 6, '2024-08-22 17:26:22', '2024-08-22 17:23:16', 27.00, 2),
(1777, 7, '2024-08-22 17:21:06', '2024-08-22 17:27:48', 25.00, 2),
(1778, 8, '2024-08-22 17:29:10', '2024-08-22 17:20:04', 19.00, 2),
(1779, 9, '2024-08-22 17:21:18', '2024-08-22 17:28:48', 29.00, 2),
(1780, 10, '2024-08-22 17:18:55', '2024-08-22 17:25:12', 15.00, 2),
(1781, 11, '2024-08-22 17:21:52', '2024-08-22 17:17:14', 21.00, 2),
(1782, 12, '2024-08-22 17:29:51', '2024-08-22 17:22:49', 24.00, 2),
(1783, 13, '2024-08-22 17:28:46', '2024-08-22 17:29:51', 30.00, 2),
(1784, 14, '2024-08-22 17:15:34', '2024-08-22 17:15:27', 16.00, 2),
(1785, 15, '2024-08-22 17:29:54', '2024-08-22 17:16:04', 25.00, 2),
(1786, 16, '2024-08-22 17:24:24', '2024-08-22 17:19:10', 26.00, 2),
(1787, 17, '2024-08-22 17:25:18', '2024-08-22 17:28:31', 23.00, 2),
(1788, 18, '2024-08-22 17:16:01', '2024-08-22 17:25:47', 27.00, 2),
(1789, 19, '2024-08-22 17:19:06', '2024-08-22 17:27:02', 23.00, 2),
(1790, 20, '2024-08-22 17:23:06', '2024-08-22 17:16:01', 21.00, 2),
(1791, 21, '2024-08-22 17:20:43', '2024-08-22 17:29:37', 26.00, 2),
(1792, 22, '2024-08-22 17:20:20', '2024-08-22 17:25:43', 21.00, 2),
(1793, 23, '2024-08-22 17:24:56', '2024-08-22 17:15:27', 26.00, 2),
(1794, 24, '2024-08-22 17:19:43', '2024-08-22 17:18:20', 17.00, 2),
(1795, 25, '2024-08-22 17:18:59', '2024-08-22 17:22:53', 24.00, 2),
(1796, 26, '2024-08-22 17:26:19', '2024-08-22 17:23:05', 23.00, 2),
(1797, 27, '2024-08-22 17:28:19', '2024-08-22 17:17:31', 21.00, 2),
(1798, 28, '2024-08-22 17:21:48', '2024-08-22 17:21:29', 26.00, 2),
(1799, 29, '2024-08-22 17:24:37', '2024-08-22 17:15:41', 21.00, 2),
(1800, 30, '2024-08-22 17:21:54', '2024-08-22 17:18:09', 26.00, 2),
(1801, 1, '2024-08-23 17:19:35', '2024-08-23 17:23:11', 21.00, 2),
(1802, 2, '2024-08-23 17:24:46', '2024-08-23 17:27:34', 25.00, 2),
(1803, 3, '2024-08-23 17:15:14', '2024-08-23 17:28:42', 28.00, 2),
(1804, 4, '2024-08-23 17:28:05', '2024-08-23 17:20:16', 25.00, 2),
(1805, 5, '2024-08-23 17:28:43', '2024-08-23 17:25:20', 21.00, 2),
(1806, 6, '2024-08-23 17:27:04', '2024-08-23 17:15:29', 25.00, 2),
(1807, 7, '2024-08-23 17:29:49', '2024-08-23 17:19:04', 17.00, 2),
(1808, 8, '2024-08-23 17:20:05', '2024-08-23 17:26:29', 26.00, 2),
(1809, 9, '2024-08-23 17:15:16', '2024-08-23 17:23:42', 22.00, 2),
(1810, 10, '2024-08-23 17:16:54', '2024-08-23 17:26:36', 16.00, 2),
(1811, 11, '2024-08-23 17:20:29', '2024-08-23 17:17:07', 24.00, 2),
(1812, 12, '2024-08-23 17:29:47', '2024-08-23 17:18:13', 30.00, 2),
(1813, 13, '2024-08-23 17:19:15', '2024-08-23 17:21:48', 26.00, 2),
(1814, 14, '2024-08-23 17:25:35', '2024-08-23 17:28:22', 15.00, 2),
(1815, 15, '2024-08-23 17:18:53', '2024-08-23 17:25:48', 30.00, 2),
(1816, 16, '2024-08-23 17:24:37', '2024-08-23 17:15:42', 21.00, 2),
(1817, 17, '2024-08-23 17:29:27', '2024-08-23 17:25:09', 22.00, 2),
(1818, 18, '2024-08-23 17:18:51', '2024-08-23 17:26:02', 20.00, 2),
(1819, 19, '2024-08-23 17:19:05', '2024-08-23 17:23:14', 30.00, 2),
(1820, 20, '2024-08-23 17:28:11', '2024-08-23 17:26:23', 23.00, 2),
(1821, 21, '2024-08-23 17:27:06', '2024-08-23 17:29:02', 22.00, 2),
(1822, 22, '2024-08-23 17:26:58', '2024-08-23 17:21:51', 16.00, 2),
(1823, 23, '2024-08-23 17:27:18', '2024-08-23 17:17:58', 16.00, 2),
(1824, 24, '2024-08-23 17:21:12', '2024-08-23 17:22:05', 18.00, 2),
(1825, 25, '2024-08-23 17:15:43', '2024-08-23 17:17:20', 26.00, 2),
(1826, 26, '2024-08-23 17:18:11', '2024-08-23 17:19:36', 24.00, 2),
(1827, 27, '2024-08-23 17:22:17', '2024-08-23 17:22:25', 24.00, 2),
(1828, 28, '2024-08-23 17:24:37', '2024-08-23 17:18:30', 23.00, 2),
(1829, 29, '2024-08-23 17:29:44', '2024-08-23 17:16:19', 18.00, 2),
(1830, 30, '2024-08-23 17:28:45', '2024-08-23 17:23:17', 21.00, 2),
(1831, 1, '2024-08-24 17:17:40', '2024-08-24 17:16:34', 25.00, 2),
(1832, 2, '2024-08-24 17:15:17', '2024-08-24 17:25:44', 22.00, 2),
(1833, 3, '2024-08-24 17:24:56', '2024-08-24 17:23:13', 16.00, 2),
(1834, 4, '2024-08-24 17:16:17', '2024-08-24 17:27:21', 28.00, 2),
(1835, 5, '2024-08-24 17:16:50', '2024-08-24 17:18:09', 27.00, 2),
(1836, 6, '2024-08-24 17:16:44', '2024-08-24 17:22:00', 23.00, 2),
(1837, 7, '2024-08-24 17:26:13', '2024-08-24 17:22:23', 25.00, 2),
(1838, 8, '2024-08-24 17:23:31', '2024-08-24 17:29:54', 19.00, 2),
(1839, 9, '2024-08-24 17:22:26', '2024-08-24 17:23:41', 19.00, 2),
(1840, 10, '2024-08-24 17:23:51', '2024-08-24 17:17:54', 21.00, 2),
(1841, 11, '2024-08-24 17:24:27', '2024-08-24 17:22:12', 16.00, 2),
(1842, 12, '2024-08-24 17:18:23', '2024-08-24 17:18:10', 19.00, 2),
(1843, 13, '2024-08-24 17:27:53', '2024-08-24 17:16:01', 24.00, 2),
(1844, 14, '2024-08-24 17:16:37', '2024-08-24 17:18:53', 16.00, 2),
(1845, 15, '2024-08-24 17:16:45', '2024-08-24 17:29:35', 24.00, 2),
(1846, 16, '2024-08-24 17:24:42', '2024-08-24 17:29:46', 30.00, 2),
(1847, 17, '2024-08-24 17:23:17', '2024-08-24 17:17:34', 22.00, 2),
(1848, 18, '2024-08-24 17:15:13', '2024-08-24 17:29:29', 15.00, 2),
(1849, 19, '2024-08-24 17:24:02', '2024-08-24 17:24:52', 22.00, 2),
(1850, 20, '2024-08-24 17:17:02', '2024-08-24 17:22:55', 24.00, 2),
(1851, 21, '2024-08-24 17:29:52', '2024-08-24 17:29:35', 23.00, 2),
(1852, 22, '2024-08-24 17:17:46', '2024-08-24 17:29:52', 15.00, 2),
(1853, 23, '2024-08-24 17:19:13', '2024-08-24 17:29:05', 21.00, 2),
(1854, 24, '2024-08-24 17:27:37', '2024-08-24 17:15:10', 25.00, 2),
(1855, 25, '2024-08-24 17:29:39', '2024-08-24 17:16:04', 30.00, 2),
(1856, 26, '2024-08-24 17:17:35', '2024-08-24 17:29:55', 19.00, 2),
(1857, 27, '2024-08-24 17:18:11', '2024-08-24 17:24:13', 19.00, 2),
(1858, 28, '2024-08-24 17:17:47', '2024-08-24 17:26:06', 22.00, 2),
(1859, 29, '2024-08-24 17:16:35', '2024-08-24 17:19:55', 25.00, 2),
(1860, 30, '2024-08-24 17:20:19', '2024-08-24 17:27:45', 21.00, 2),
(1861, 1, '2024-08-25 17:16:38', '2024-08-25 17:29:14', 18.00, 2),
(1862, 2, '2024-08-25 17:27:30', '2024-08-25 17:16:28', 25.00, 2),
(1863, 3, '2024-08-25 17:24:22', '2024-08-25 17:28:53', 30.00, 2),
(1864, 4, '2024-08-25 17:24:39', '2024-08-25 17:23:23', 25.00, 2),
(1865, 5, '2024-08-25 17:20:39', '2024-08-25 17:16:36', 26.00, 2),
(1866, 6, '2024-08-25 17:25:31', '2024-08-25 17:23:41', 18.00, 2),
(1867, 7, '2024-08-25 17:20:29', '2024-08-25 17:21:32', 16.00, 2),
(1868, 8, '2024-08-25 17:28:40', '2024-08-25 17:26:33', 19.00, 2),
(1869, 9, '2024-08-25 17:28:08', '2024-08-25 17:23:20', 16.00, 2),
(1870, 10, '2024-08-25 17:24:17', '2024-08-25 17:28:52', 15.00, 2),
(1871, 11, '2024-08-25 17:22:19', '2024-08-25 17:21:06', 25.00, 2),
(1872, 12, '2024-08-25 17:26:36', '2024-08-25 17:23:22', 25.00, 2),
(1873, 13, '2024-08-25 17:18:54', '2024-08-25 17:22:23', 29.00, 2),
(1874, 14, '2024-08-25 17:24:28', '2024-08-25 17:29:22', 24.00, 2),
(1875, 15, '2024-08-25 17:28:26', '2024-08-25 17:17:40', 22.00, 2),
(1876, 16, '2024-08-25 17:24:55', '2024-08-25 17:17:01', 16.00, 2),
(1877, 17, '2024-08-25 17:19:12', '2024-08-25 17:21:02', 25.00, 2),
(1878, 18, '2024-08-25 17:19:41', '2024-08-25 17:26:29', 17.00, 2),
(1879, 19, '2024-08-25 17:17:24', '2024-08-25 17:17:55', 29.00, 2),
(1880, 20, '2024-08-25 17:29:57', '2024-08-25 17:16:59', 30.00, 2),
(1881, 21, '2024-08-25 17:21:34', '2024-08-25 17:24:51', 29.00, 2),
(1882, 22, '2024-08-25 17:29:07', '2024-08-25 17:15:20', 21.00, 2),
(1883, 23, '2024-08-25 17:25:27', '2024-08-25 17:29:06', 18.00, 2),
(1884, 24, '2024-08-25 17:23:30', '2024-08-25 17:27:14', 22.00, 2),
(1885, 25, '2024-08-25 17:20:30', '2024-08-25 17:21:39', 19.00, 2),
(1886, 26, '2024-08-25 17:22:12', '2024-08-25 17:17:19', 18.00, 2),
(1887, 27, '2024-08-25 17:28:19', '2024-08-25 17:19:45', 25.00, 2),
(1888, 28, '2024-08-25 17:26:36', '2024-08-25 17:27:44', 16.00, 2),
(1889, 29, '2024-08-25 17:18:11', '2024-08-25 17:20:04', 19.00, 2),
(1890, 30, '2024-08-25 17:23:13', '2024-08-25 17:21:17', 30.00, 2),
(1891, 1, '2024-08-26 17:26:04', '2024-08-26 17:19:19', 19.00, 2),
(1892, 2, '2024-08-26 17:23:28', '2024-08-26 17:23:54', 24.00, 2),
(1893, 3, '2024-08-26 17:20:19', '2024-08-26 17:23:52', 25.00, 2),
(1894, 4, '2024-08-26 17:16:50', '2024-08-26 17:23:59', 20.00, 2),
(1895, 5, '2024-08-26 17:29:55', '2024-08-26 17:20:52', 25.00, 2),
(1896, 6, '2024-08-26 17:22:35', '2024-08-26 17:20:16', 17.00, 2),
(1897, 7, '2024-08-26 17:27:48', '2024-08-26 17:18:44', 26.00, 2),
(1898, 8, '2024-08-26 17:15:44', '2024-08-26 17:25:58', 20.00, 2),
(1899, 9, '2024-08-26 17:18:30', '2024-08-26 17:29:28', 26.00, 2),
(1900, 10, '2024-08-26 17:26:57', '2024-08-26 17:15:28', 27.00, 2),
(1901, 11, '2024-08-26 17:26:57', '2024-08-26 17:28:08', 20.00, 2),
(1902, 12, '2024-08-26 17:23:51', '2024-08-26 17:15:08', 20.00, 2),
(1903, 13, '2024-08-26 17:16:04', '2024-08-26 17:29:20', 29.00, 2),
(1904, 14, '2024-08-26 17:26:32', '2024-08-26 17:21:01', 19.00, 2),
(1905, 15, '2024-08-26 17:25:44', '2024-08-26 17:25:16', 20.00, 2),
(1906, 16, '2024-08-26 17:29:52', '2024-08-26 17:25:24', 21.00, 2),
(1907, 17, '2024-08-26 17:24:35', '2024-08-26 17:23:16', 23.00, 2),
(1908, 18, '2024-08-26 17:19:38', '2024-08-26 17:20:54', 15.00, 2),
(1909, 19, '2024-08-26 17:19:09', '2024-08-26 17:27:47', 24.00, 2),
(1910, 20, '2024-08-26 17:19:33', '2024-08-26 17:17:45', 22.00, 2),
(1911, 21, '2024-08-26 17:15:09', '2024-08-26 17:16:10', 24.00, 2),
(1912, 22, '2024-08-26 17:22:14', '2024-08-26 17:28:53', 16.00, 2),
(1913, 23, '2024-08-26 17:27:42', '2024-08-26 17:17:45', 20.00, 2),
(1914, 24, '2024-08-26 17:19:32', '2024-08-26 17:21:16', 25.00, 2),
(1915, 25, '2024-08-26 17:21:40', '2024-08-26 17:19:50', 22.00, 2),
(1916, 26, '2024-08-26 17:19:07', '2024-08-26 17:29:28', 16.00, 2),
(1917, 27, '2024-08-26 17:29:35', '2024-08-26 17:24:27', 19.00, 2),
(1918, 28, '2024-08-26 17:15:42', '2024-08-26 17:15:53', 24.00, 2),
(1919, 29, '2024-08-26 17:16:27', '2024-08-26 17:19:55', 27.00, 2),
(1920, 30, '2024-08-26 17:25:47', '2024-08-26 17:26:18', 27.00, 2),
(1921, 1, '2024-08-27 17:16:35', '2024-08-27 17:28:33', 19.00, 2),
(1922, 2, '2024-08-27 17:16:09', '2024-08-27 17:21:32', 21.00, 2),
(1923, 3, '2024-08-27 17:20:27', '2024-08-27 17:26:04', 27.00, 2),
(1924, 4, '2024-08-27 17:24:55', '2024-08-27 17:25:41', 27.00, 2),
(1925, 5, '2024-08-27 17:29:01', '2024-08-27 17:24:01', 18.00, 2),
(1926, 6, '2024-08-27 17:25:16', '2024-08-27 17:24:05', 15.00, 2),
(1927, 7, '2024-08-27 17:27:54', '2024-08-27 17:23:21', 20.00, 2),
(1928, 8, '2024-08-27 17:23:26', '2024-08-27 17:26:09', 29.00, 2),
(1929, 9, '2024-08-27 17:16:04', '2024-08-27 17:18:27', 15.00, 2),
(1930, 10, '2024-08-27 17:17:08', '2024-08-27 17:28:20', 21.00, 2),
(1931, 11, '2024-08-27 17:24:43', '2024-08-27 17:16:05', 29.00, 2),
(1932, 12, '2024-08-27 17:24:36', '2024-08-27 17:17:47', 22.00, 2),
(1933, 13, '2024-08-27 17:29:44', '2024-08-27 17:29:22', 20.00, 2),
(1934, 14, '2024-08-27 17:17:03', '2024-08-27 17:18:39', 19.00, 2),
(1935, 15, '2024-08-27 17:18:10', '2024-08-27 17:23:54', 29.00, 2),
(1936, 16, '2024-08-27 17:25:29', '2024-08-27 17:20:09', 16.00, 2),
(1937, 17, '2024-08-27 17:27:32', '2024-08-27 17:25:16', 23.00, 2),
(1938, 18, '2024-08-27 17:26:26', '2024-08-27 17:17:05', 25.00, 2),
(1939, 19, '2024-08-27 17:23:38', '2024-08-27 17:18:01', 27.00, 2),
(1940, 20, '2024-08-27 17:18:08', '2024-08-27 17:15:54', 18.00, 2),
(1941, 21, '2024-08-27 17:20:51', '2024-08-27 17:27:59', 17.00, 2),
(1942, 22, '2024-08-27 17:27:15', '2024-08-27 17:18:13', 22.00, 2),
(1943, 23, '2024-08-27 17:20:46', '2024-08-27 17:20:08', 27.00, 2),
(1944, 24, '2024-08-27 17:19:55', '2024-08-27 17:24:19', 26.00, 2),
(1945, 25, '2024-08-27 17:15:09', '2024-08-27 17:28:03', 30.00, 2),
(1946, 26, '2024-08-27 17:19:55', '2024-08-27 17:27:17', 16.00, 2),
(1947, 27, '2024-08-27 17:18:57', '2024-08-27 17:15:37', 30.00, 2),
(1948, 28, '2024-08-27 17:16:40', '2024-08-27 17:29:29', 23.00, 2),
(1949, 29, '2024-08-27 17:28:50', '2024-08-27 17:24:48', 23.00, 2),
(1950, 30, '2024-08-27 17:20:05', '2024-08-27 17:27:28', 18.00, 2),
(1951, 1, '2024-08-28 17:20:07', '2024-08-28 17:16:15', 26.00, 2),
(1952, 2, '2024-08-28 17:17:28', '2024-08-28 17:17:57', 28.00, 2),
(1953, 3, '2024-08-28 17:26:29', '2024-08-28 17:22:58', 18.00, 2),
(1954, 4, '2024-08-28 17:27:24', '2024-08-28 17:25:53', 23.00, 2),
(1955, 5, '2024-08-28 17:24:26', '2024-08-28 17:21:02', 21.00, 2),
(1956, 6, '2024-08-28 17:22:32', '2024-08-28 17:27:20', 23.00, 2),
(1957, 7, '2024-08-28 17:22:36', '2024-08-28 17:15:25', 15.00, 2),
(1958, 8, '2024-08-28 17:21:59', '2024-08-28 17:18:58', 28.00, 2),
(1959, 9, '2024-08-28 17:28:14', '2024-08-28 17:22:31', 27.00, 2),
(1960, 10, '2024-08-28 17:17:33', '2024-08-28 17:27:01', 15.00, 2),
(1961, 11, '2024-08-28 17:20:48', '2024-08-28 17:15:00', 18.00, 2),
(1962, 12, '2024-08-28 17:25:20', '2024-08-28 17:18:52', 20.00, 2),
(1963, 13, '2024-08-28 17:20:13', '2024-08-28 17:27:00', 20.00, 2),
(1964, 14, '2024-08-28 17:18:01', '2024-08-28 17:22:37', 17.00, 2),
(1965, 15, '2024-08-28 17:26:01', '2024-08-28 17:21:06', 29.00, 2),
(1966, 16, '2024-08-28 17:25:58', '2024-08-28 17:22:42', 20.00, 2),
(1967, 17, '2024-08-28 17:17:43', '2024-08-28 17:19:26', 27.00, 2),
(1968, 18, '2024-08-28 17:21:28', '2024-08-28 17:15:23', 16.00, 2),
(1969, 19, '2024-08-28 17:24:21', '2024-08-28 17:28:56', 16.00, 2),
(1970, 20, '2024-08-28 17:26:19', '2024-08-28 17:27:46', 21.00, 2),
(1971, 21, '2024-08-28 17:18:17', '2024-08-28 17:27:52', 24.00, 2),
(1972, 22, '2024-08-28 17:21:05', '2024-08-28 17:17:40', 28.00, 2),
(1973, 23, '2024-08-28 17:27:33', '2024-08-28 17:21:04', 20.00, 2),
(1974, 24, '2024-08-28 17:20:19', '2024-08-28 17:26:47', 30.00, 2),
(1975, 25, '2024-08-28 17:15:16', '2024-08-28 17:25:48', 24.00, 2),
(1976, 26, '2024-08-28 17:23:12', '2024-08-28 17:20:44', 18.00, 2),
(1977, 27, '2024-08-28 17:25:46', '2024-08-28 17:21:58', 22.00, 2),
(1978, 28, '2024-08-28 17:27:38', '2024-08-28 17:18:41', 27.00, 2),
(1979, 29, '2024-08-28 17:24:57', '2024-08-28 17:27:01', 25.00, 2),
(1980, 30, '2024-08-28 17:29:31', '2024-08-28 17:16:10', 18.00, 2),
(1981, 1, '2024-08-29 17:25:09', '2024-08-29 17:19:01', 27.00, 2),
(1982, 2, '2024-08-29 17:27:56', '2024-08-29 17:15:08', 19.00, 2),
(1983, 3, '2024-08-29 17:21:12', '2024-08-29 17:22:01', 16.00, 2),
(1984, 4, '2024-08-29 17:27:00', '2024-08-29 17:29:31', 19.00, 2),
(1985, 5, '2024-08-29 17:29:32', '2024-08-29 17:28:12', 28.00, 2),
(1986, 6, '2024-08-29 17:24:16', '2024-08-29 17:19:11', 29.00, 2),
(1987, 7, '2024-08-29 17:23:18', '2024-08-29 17:19:00', 24.00, 2),
(1988, 8, '2024-08-29 17:17:33', '2024-08-29 17:28:38', 21.00, 2),
(1989, 9, '2024-08-29 17:27:56', '2024-08-29 17:29:44', 25.00, 2),
(1990, 10, '2024-08-29 17:24:24', '2024-08-29 17:29:07', 19.00, 2),
(1991, 11, '2024-08-29 17:24:02', '2024-08-29 17:20:09', 23.00, 2),
(1992, 12, '2024-08-29 17:23:00', '2024-08-29 17:21:58', 18.00, 2),
(1993, 13, '2024-08-29 17:24:04', '2024-08-29 17:21:35', 24.00, 2),
(1994, 14, '2024-08-29 17:25:37', '2024-08-29 17:28:12', 26.00, 2),
(1995, 15, '2024-08-29 17:18:59', '2024-08-29 17:26:44', 18.00, 2),
(1996, 16, '2024-08-29 17:23:01', '2024-08-29 17:17:36', 27.00, 2),
(1997, 17, '2024-08-29 17:29:04', '2024-08-29 17:18:09', 24.00, 2),
(1998, 18, '2024-08-29 17:17:12', '2024-08-29 17:15:24', 21.00, 2),
(1999, 19, '2024-08-29 17:18:48', '2024-08-29 17:26:17', 26.00, 2),
(2000, 20, '2024-08-29 17:27:32', '2024-08-29 17:29:27', 25.00, 2),
(2001, 21, '2024-08-29 17:18:12', '2024-08-29 17:22:10', 19.00, 2),
(2002, 22, '2024-08-29 17:29:52', '2024-08-29 17:18:16', 29.00, 2),
(2003, 23, '2024-08-29 17:17:00', '2024-08-29 17:28:30', 27.00, 2),
(2004, 24, '2024-08-29 17:28:10', '2024-08-29 17:17:15', 17.00, 2),
(2005, 25, '2024-08-29 17:29:09', '2024-08-29 17:17:42', 28.00, 2),
(2006, 26, '2024-08-29 17:22:58', '2024-08-29 17:22:39', 18.00, 2),
(2007, 27, '2024-08-29 17:19:41', '2024-08-29 17:19:47', 20.00, 2),
(2008, 28, '2024-08-29 17:16:49', '2024-08-29 17:19:27', 26.00, 2),
(2009, 29, '2024-08-29 17:23:39', '2024-08-29 17:25:24', 24.00, 2),
(2010, 30, '2024-08-29 17:22:07', '2024-08-29 17:27:52', 27.00, 2),
(2011, 1, '2024-08-30 17:28:33', '2024-08-30 17:23:22', 26.00, 2),
(2012, 2, '2024-08-30 17:22:57', '2024-08-30 17:21:43', 29.00, 2),
(2013, 3, '2024-08-30 17:22:32', '2024-08-30 17:16:55', 19.00, 2),
(2014, 4, '2024-08-30 17:17:03', '2024-08-30 17:29:36', 20.00, 2),
(2015, 5, '2024-08-30 17:16:23', '2024-08-30 17:28:57', 15.00, 2),
(2016, 6, '2024-08-30 17:21:16', '2024-08-30 17:25:15', 27.00, 2),
(2017, 7, '2024-08-30 17:26:17', '2024-08-30 17:25:47', 23.00, 2),
(2018, 8, '2024-08-30 17:19:54', '2024-08-30 17:25:02', 27.00, 2),
(2019, 9, '2024-08-30 17:16:55', '2024-08-30 17:16:44', 25.00, 2),
(2020, 10, '2024-08-30 17:26:15', '2024-08-30 17:16:34', 15.00, 2),
(2021, 11, '2024-08-30 17:29:30', '2024-08-30 17:24:47', 28.00, 2),
(2022, 12, '2024-08-30 17:24:46', '2024-08-30 17:23:51', 18.00, 2),
(2023, 13, '2024-08-30 17:21:29', '2024-08-30 17:29:33', 28.00, 2),
(2024, 14, '2024-08-30 17:21:05', '2024-08-30 17:25:37', 22.00, 2),
(2025, 15, '2024-08-30 17:26:44', '2024-08-30 17:16:43', 27.00, 2),
(2026, 16, '2024-08-30 17:19:46', '2024-08-30 17:26:54', 25.00, 2),
(2027, 17, '2024-08-30 17:29:01', '2024-08-30 17:18:39', 20.00, 2),
(2028, 18, '2024-08-30 17:29:50', '2024-08-30 17:21:25', 24.00, 2),
(2029, 19, '2024-08-30 17:18:29', '2024-08-30 17:19:16', 27.00, 2),
(2030, 20, '2024-08-30 17:20:40', '2024-08-30 17:29:11', 16.00, 2),
(2031, 21, '2024-08-30 17:24:40', '2024-08-30 17:25:49', 18.00, 2),
(2032, 22, '2024-08-30 17:25:20', '2024-08-30 17:21:48', 25.00, 2),
(2033, 23, '2024-08-30 17:25:12', '2024-08-30 17:16:33', 16.00, 2),
(2034, 24, '2024-08-30 17:15:42', '2024-08-30 17:22:04', 25.00, 2),
(2035, 25, '2024-08-30 17:19:51', '2024-08-30 17:23:24', 22.00, 2),
(2036, 26, '2024-08-30 17:28:11', '2024-08-30 17:25:44', 23.00, 2),
(2037, 27, '2024-08-30 17:27:53', '2024-08-30 17:27:36', 24.00, 2),
(2038, 28, '2024-08-30 17:15:59', '2024-08-30 17:24:31', 30.00, 2),
(2039, 29, '2024-08-30 17:20:24', '2024-08-30 17:29:26', 27.00, 2),
(2040, 30, '2024-08-30 17:21:57', '2024-08-30 17:20:56', 27.00, 2),
(2041, 1, '2024-08-31 17:25:55', '2024-08-31 17:21:00', 29.00, 2),
(2042, 2, '2024-08-31 17:26:21', '2024-08-31 17:25:45', 21.00, 2),
(2043, 3, '2024-08-31 17:21:49', '2024-08-31 17:22:20', 30.00, 2),
(2044, 4, '2024-08-31 17:19:27', '2024-08-31 17:27:45', 18.00, 2),
(2045, 5, '2024-08-31 17:24:10', '2024-08-31 17:15:19', 19.00, 2),
(2046, 6, '2024-08-31 17:29:24', '2024-08-31 17:24:44', 29.00, 2),
(2047, 7, '2024-08-31 17:24:25', '2024-08-31 17:21:02', 21.00, 2),
(2048, 8, '2024-08-31 17:15:22', '2024-08-31 17:26:31', 23.00, 2),
(2049, 9, '2024-08-31 17:24:11', '2024-08-31 17:20:35', 15.00, 2),
(2050, 10, '2024-08-31 17:19:51', '2024-08-31 17:20:30', 18.00, 2),
(2051, 11, '2024-08-31 17:25:48', '2024-08-31 17:20:35', 21.00, 2),
(2052, 12, '2024-08-31 17:20:17', '2024-08-31 17:17:32', 21.00, 2),
(2053, 13, '2024-08-31 17:18:50', '2024-08-31 17:16:03', 26.00, 2),
(2054, 14, '2024-08-31 17:27:12', '2024-08-31 17:27:49', 24.00, 2),
(2055, 15, '2024-08-31 17:17:52', '2024-08-31 17:21:19', 21.00, 2),
(2056, 16, '2024-08-31 17:28:37', '2024-08-31 17:26:23', 16.00, 2),
(2057, 17, '2024-08-31 17:26:16', '2024-08-31 17:16:18', 25.00, 2),
(2058, 18, '2024-08-31 17:22:02', '2024-08-31 17:27:21', 16.00, 2),
(2059, 19, '2024-08-31 17:18:27', '2024-08-31 17:17:37', 21.00, 2),
(2060, 20, '2024-08-31 17:16:43', '2024-08-31 17:29:32', 24.00, 2),
(2061, 21, '2024-08-31 17:15:18', '2024-08-31 17:25:15', 26.00, 2),
(2062, 22, '2024-08-31 17:17:26', '2024-08-31 17:21:34', 17.00, 2),
(2063, 23, '2024-08-31 17:19:15', '2024-08-31 17:26:35', 26.00, 2),
(2064, 24, '2024-08-31 17:18:54', '2024-08-31 17:28:07', 20.00, 2),
(2065, 25, '2024-08-31 17:17:08', '2024-08-31 17:20:29', 29.00, 2),
(2066, 26, '2024-08-31 17:24:22', '2024-08-31 17:20:22', 23.00, 2),
(2067, 27, '2024-08-31 17:29:34', '2024-08-31 17:21:25', 28.00, 2),
(2068, 28, '2024-08-31 17:23:30', '2024-08-31 17:20:51', 16.00, 2),
(2069, 29, '2024-08-31 17:18:42', '2024-08-31 17:16:31', 23.00, 2),
(2070, 30, '2024-08-31 17:26:31', '2024-08-31 17:20:11', 16.00, 2),
(2071, 1, '2024-09-01 17:16:43', '2024-09-01 17:27:56', 18.00, 2),
(2072, 2, '2024-09-01 17:23:40', '2024-09-01 17:23:08', 19.00, 2),
(2073, 3, '2024-09-01 17:22:04', '2024-09-01 17:25:14', 29.00, 2),
(2074, 4, '2024-09-01 17:22:14', '2024-09-01 17:29:09', 23.00, 2),
(2075, 5, '2024-09-01 17:20:27', '2024-09-01 17:22:24', 21.00, 2),
(2076, 6, '2024-09-01 17:18:31', '2024-09-01 17:29:25', 24.00, 2),
(2077, 7, '2024-09-01 17:24:23', '2024-09-01 17:22:13', 18.00, 2),
(2078, 8, '2024-09-01 17:15:14', '2024-09-01 17:26:01', 29.00, 2),
(2079, 9, '2024-09-01 17:16:34', '2024-09-01 17:24:53', 29.00, 2),
(2080, 10, '2024-09-01 17:24:02', '2024-09-01 17:22:08', 21.00, 2),
(2081, 11, '2024-09-01 17:27:09', '2024-09-01 17:24:10', 19.00, 2),
(2082, 12, '2024-09-01 17:27:01', '2024-09-01 17:20:04', 21.00, 2),
(2083, 13, '2024-09-01 17:26:15', '2024-09-01 17:20:54', 21.00, 2),
(2084, 14, '2024-09-01 17:21:10', '2024-09-01 17:16:39', 19.00, 2),
(2085, 15, '2024-09-01 17:18:52', '2024-09-01 17:26:19', 26.00, 2),
(2086, 16, '2024-09-01 17:27:13', '2024-09-01 17:23:33', 19.00, 2),
(2087, 17, '2024-09-01 17:29:24', '2024-09-01 17:20:57', 20.00, 2),
(2088, 18, '2024-09-01 17:16:53', '2024-09-01 17:16:14', 30.00, 2),
(2089, 19, '2024-09-01 17:27:26', '2024-09-01 17:26:47', 28.00, 2),
(2090, 20, '2024-09-01 17:19:35', '2024-09-01 17:27:12', 19.00, 2),
(2091, 21, '2024-09-01 17:25:58', '2024-09-01 17:18:09', 25.00, 2),
(2092, 22, '2024-09-01 17:24:05', '2024-09-01 17:15:08', 17.00, 2),
(2093, 23, '2024-09-01 17:28:21', '2024-09-01 17:21:10', 26.00, 2),
(2094, 24, '2024-09-01 17:21:30', '2024-09-01 17:15:44', 24.00, 2),
(2095, 25, '2024-09-01 17:25:46', '2024-09-01 17:17:11', 22.00, 2),
(2096, 26, '2024-09-01 17:27:13', '2024-09-01 17:28:57', 18.00, 2),
(2097, 27, '2024-09-01 17:17:19', '2024-09-01 17:18:34', 29.00, 2),
(2098, 28, '2024-09-01 17:26:27', '2024-09-01 17:19:01', 22.00, 2),
(2099, 29, '2024-09-01 17:20:37', '2024-09-01 17:22:08', 28.00, 2),
(2100, 30, '2024-09-01 17:18:39', '2024-09-01 17:15:56', 26.00, 2),
(2101, 1, '2024-09-02 17:24:59', '2024-09-02 17:27:05', 26.00, 2),
(2102, 2, '2024-09-02 17:23:51', '2024-09-02 17:19:05', 17.00, 2),
(2103, 3, '2024-09-02 17:23:11', '2024-09-02 17:24:02', 16.00, 2),
(2104, 4, '2024-09-02 17:16:17', '2024-09-02 17:23:20', 29.00, 2),
(2105, 5, '2024-09-02 17:27:22', '2024-09-02 17:19:18', 30.00, 2),
(2106, 6, '2024-09-02 17:30:00', '2024-09-02 17:16:43', 23.00, 2),
(2107, 7, '2024-09-02 17:28:10', '2024-09-02 17:29:17', 27.00, 2),
(2108, 8, '2024-09-02 17:20:52', '2024-09-02 17:16:45', 26.00, 2),
(2109, 9, '2024-09-02 17:23:22', '2024-09-02 17:29:20', 25.00, 2),
(2110, 10, '2024-09-02 17:23:38', '2024-09-02 17:17:41', 19.00, 2),
(2111, 11, '2024-09-02 17:20:13', '2024-09-02 17:27:43', 21.00, 2),
(2112, 12, '2024-09-02 17:21:16', '2024-09-02 17:28:11', 15.00, 2),
(2113, 13, '2024-09-02 17:19:57', '2024-09-02 17:16:13', 28.00, 2),
(2114, 14, '2024-09-02 17:15:12', '2024-09-02 17:23:41', 23.00, 2),
(2115, 15, '2024-09-02 17:29:19', '2024-09-02 17:29:05', 20.00, 2),
(2116, 16, '2024-09-02 17:16:28', '2024-09-02 17:25:24', 27.00, 2),
(2117, 17, '2024-09-02 17:19:06', '2024-09-02 17:29:22', 30.00, 2),
(2118, 18, '2024-09-02 17:16:26', '2024-09-02 17:17:02', 23.00, 2),
(2119, 19, '2024-09-02 17:24:37', '2024-09-02 17:15:52', 25.00, 2),
(2120, 20, '2024-09-02 17:29:41', '2024-09-02 17:27:00', 29.00, 2),
(2121, 21, '2024-09-02 17:21:58', '2024-09-02 17:19:13', 18.00, 2),
(2122, 22, '2024-09-02 17:27:48', '2024-09-02 17:26:27', 30.00, 2),
(2123, 23, '2024-09-02 17:28:06', '2024-09-02 17:15:38', 28.00, 2),
(2124, 24, '2024-09-02 17:16:29', '2024-09-02 17:21:33', 16.00, 2),
(2125, 25, '2024-09-02 17:16:49', '2024-09-02 17:21:17', 21.00, 2),
(2126, 26, '2024-09-02 17:27:45', '2024-09-02 17:25:07', 16.00, 2),
(2127, 27, '2024-09-02 17:29:07', '2024-09-02 17:30:00', 29.00, 2),
(2128, 28, '2024-09-02 17:29:30', '2024-09-02 17:29:48', 18.00, 2),
(2129, 29, '2024-09-02 17:19:19', '2024-09-02 17:21:03', 23.00, 2),
(2130, 30, '2024-09-02 17:21:27', '2024-09-02 17:18:37', 28.00, 2),
(2131, 1, '2024-09-03 17:27:12', '2024-09-03 17:27:38', 20.00, 2),
(2132, 2, '2024-09-03 17:15:16', '2024-09-03 17:24:16', 20.00, 2),
(2133, 3, '2024-09-03 17:25:04', '2024-09-03 17:21:06', 29.00, 2),
(2134, 4, '2024-09-03 17:20:09', '2024-09-03 17:22:26', 26.00, 2),
(2135, 5, '2024-09-03 17:22:17', '2024-09-03 17:28:51', 15.00, 2),
(2136, 6, '2024-09-03 17:27:41', '2024-09-03 17:21:47', 19.00, 2),
(2137, 7, '2024-09-03 17:23:14', '2024-09-03 17:15:22', 20.00, 2),
(2138, 8, '2024-09-03 17:24:36', '2024-09-03 17:15:37', 19.00, 2),
(2139, 9, '2024-09-03 17:16:47', '2024-09-03 17:19:52', 20.00, 2),
(2140, 10, '2024-09-03 17:21:56', '2024-09-03 17:20:11', 25.00, 2),
(2141, 11, '2024-09-03 17:23:44', '2024-09-03 17:25:56', 19.00, 2),
(2142, 12, '2024-09-03 17:24:45', '2024-09-03 17:18:58', 16.00, 2),
(2143, 13, '2024-09-03 17:26:39', '2024-09-03 17:22:55', 30.00, 2),
(2144, 14, '2024-09-03 17:28:19', '2024-09-03 17:18:26', 26.00, 2),
(2145, 15, '2024-09-03 17:16:09', '2024-09-03 17:18:13', 24.00, 2),
(2146, 16, '2024-09-03 17:23:28', '2024-09-03 17:16:31', 27.00, 2),
(2147, 17, '2024-09-03 17:22:36', '2024-09-03 17:19:18', 26.00, 2),
(2148, 18, '2024-09-03 17:18:40', '2024-09-03 17:16:38', 26.00, 2),
(2149, 19, '2024-09-03 17:21:06', '2024-09-03 17:24:34', 29.00, 2),
(2150, 20, '2024-09-03 17:27:05', '2024-09-03 17:29:30', 17.00, 2),
(2151, 21, '2024-09-03 17:28:09', '2024-09-03 17:26:20', 22.00, 2),
(2152, 22, '2024-09-03 17:29:11', '2024-09-03 17:19:51', 30.00, 2),
(2153, 23, '2024-09-03 17:27:14', '2024-09-03 17:17:03', 27.00, 2),
(2154, 24, '2024-09-03 17:24:04', '2024-09-03 17:16:33', 18.00, 2),
(2155, 25, '2024-09-03 17:15:32', '2024-09-03 17:24:16', 15.00, 2),
(2156, 26, '2024-09-03 17:27:25', '2024-09-03 17:27:02', 18.00, 2),
(2157, 27, '2024-09-03 17:28:47', '2024-09-03 17:18:27', 19.00, 2),
(2158, 28, '2024-09-03 17:15:33', '2024-09-03 17:16:55', 19.00, 2),
(2159, 29, '2024-09-03 17:20:12', '2024-09-03 17:29:51', 24.00, 2),
(2160, 30, '2024-09-03 17:19:12', '2024-09-03 17:23:59', 30.00, 2),
(2161, 1, '2024-09-04 17:27:58', '2024-09-04 17:17:18', 21.00, 2),
(2162, 2, '2024-09-04 17:17:27', '2024-09-04 17:16:32', 27.00, 2),
(2163, 3, '2024-09-04 17:22:40', '2024-09-04 17:26:34', 19.00, 2),
(2164, 4, '2024-09-04 17:21:37', '2024-09-04 17:21:52', 22.00, 2),
(2165, 5, '2024-09-04 17:15:38', '2024-09-04 17:29:18', 20.00, 2),
(2166, 6, '2024-09-04 17:24:33', '2024-09-04 17:23:00', 18.00, 2),
(2167, 7, '2024-09-04 17:28:42', '2024-09-04 17:18:09', 29.00, 2),
(2168, 8, '2024-09-04 17:24:17', '2024-09-04 17:27:47', 22.00, 2),
(2169, 9, '2024-09-04 17:20:01', '2024-09-04 17:19:15', 18.00, 2),
(2170, 10, '2024-09-04 17:19:16', '2024-09-04 17:15:33', 24.00, 2),
(2171, 11, '2024-09-04 17:21:52', '2024-09-04 17:17:14', 21.00, 2),
(2172, 12, '2024-09-04 17:19:38', '2024-09-04 17:19:21', 26.00, 2),
(2173, 13, '2024-09-04 17:21:03', '2024-09-04 17:29:41', 22.00, 2),
(2174, 14, '2024-09-04 17:26:59', '2024-09-04 17:23:18', 17.00, 2),
(2175, 15, '2024-09-04 17:27:40', '2024-09-04 17:28:12', 25.00, 2),
(2176, 16, '2024-09-04 17:27:25', '2024-09-04 17:29:27', 27.00, 2),
(2177, 17, '2024-09-04 17:22:17', '2024-09-04 17:20:37', 30.00, 2),
(2178, 18, '2024-09-04 17:28:35', '2024-09-04 17:26:34', 21.00, 2),
(2179, 19, '2024-09-04 17:28:01', '2024-09-04 17:27:50', 27.00, 2),
(2180, 20, '2024-09-04 17:21:59', '2024-09-04 17:17:59', 21.00, 2),
(2181, 21, '2024-09-04 17:26:57', '2024-09-04 17:15:01', 16.00, 2),
(2182, 22, '2024-09-04 17:25:24', '2024-09-04 17:25:15', 25.00, 2),
(2183, 23, '2024-09-04 17:27:15', '2024-09-04 17:27:23', 29.00, 2),
(2184, 24, '2024-09-04 17:21:29', '2024-09-04 17:16:32', 27.00, 2),
(2185, 25, '2024-09-04 17:23:17', '2024-09-04 17:18:02', 17.00, 2),
(2186, 26, '2024-09-04 17:23:34', '2024-09-04 17:15:13', 27.00, 2),
(2187, 27, '2024-09-04 17:25:27', '2024-09-04 17:24:40', 26.00, 2),
(2188, 28, '2024-09-04 17:20:51', '2024-09-04 17:28:17', 24.00, 2),
(2189, 29, '2024-09-04 17:25:40', '2024-09-04 17:20:24', 19.00, 2),
(2190, 30, '2024-09-04 17:26:04', '2024-09-04 17:22:31', 30.00, 2),
(2191, 1, '2024-09-05 17:24:15', '2024-09-05 17:20:00', 16.00, 2),
(2192, 2, '2024-09-05 17:15:33', '2024-09-05 17:21:18', 25.00, 2),
(2193, 3, '2024-09-05 17:29:26', '2024-09-05 17:29:53', 21.00, 2),
(2194, 4, '2024-09-05 17:21:46', '2024-09-05 17:24:43', 22.00, 2),
(2195, 5, '2024-09-05 17:17:15', '2024-09-05 17:28:51', 15.00, 2),
(2196, 6, '2024-09-05 17:26:54', '2024-09-05 17:21:36', 27.00, 2),
(2197, 7, '2024-09-05 17:23:31', '2024-09-05 17:27:43', 17.00, 2),
(2198, 8, '2024-09-05 17:20:18', '2024-09-05 17:15:39', 25.00, 2),
(2199, 9, '2024-09-05 17:27:44', '2024-09-05 17:16:18', 17.00, 2),
(2200, 10, '2024-09-05 17:29:25', '2024-09-05 17:23:21', 28.00, 2),
(2201, 11, '2024-09-05 17:24:47', '2024-09-05 17:27:37', 26.00, 2),
(2202, 12, '2024-09-05 17:15:23', '2024-09-05 17:22:06', 15.00, 2),
(2203, 13, '2024-09-05 17:22:29', '2024-09-05 17:21:07', 22.00, 2),
(2204, 14, '2024-09-05 17:17:45', '2024-09-05 17:20:42', 24.00, 2),
(2205, 15, '2024-09-05 17:23:56', '2024-09-05 17:29:12', 29.00, 2),
(2206, 16, '2024-09-05 17:20:22', '2024-09-05 17:21:47', 24.00, 2),
(2207, 17, '2024-09-05 17:21:04', '2024-09-05 17:16:29', 17.00, 2),
(2208, 18, '2024-09-05 17:16:43', '2024-09-05 17:16:44', 28.00, 2),
(2209, 19, '2024-09-05 17:23:53', '2024-09-05 17:19:10', 18.00, 2),
(2210, 20, '2024-09-05 17:23:49', '2024-09-05 17:28:34', 16.00, 2),
(2211, 21, '2024-09-05 17:24:23', '2024-09-05 17:28:49', 28.00, 2),
(2212, 22, '2024-09-05 17:20:41', '2024-09-05 17:20:53', 30.00, 2),
(2213, 23, '2024-09-05 17:23:35', '2024-09-05 17:21:38', 17.00, 2),
(2214, 24, '2024-09-05 17:22:55', '2024-09-05 17:15:43', 17.00, 2),
(2215, 25, '2024-09-05 17:21:26', '2024-09-05 17:16:54', 20.00, 2),
(2216, 26, '2024-09-05 17:23:44', '2024-09-05 17:23:30', 26.00, 2),
(2217, 27, '2024-09-05 17:21:36', '2024-09-05 17:20:21', 19.00, 2),
(2218, 28, '2024-09-05 17:24:42', '2024-09-05 17:18:44', 27.00, 2),
(2219, 29, '2024-09-05 17:26:26', '2024-09-05 17:22:31', 24.00, 2),
(2220, 30, '2024-09-05 17:26:39', '2024-09-05 17:29:35', 27.00, 2),
(2221, 1, '2024-09-06 17:19:21', '2024-09-06 17:20:12', 19.00, 2),
(2222, 2, '2024-09-06 17:21:07', '2024-09-06 17:23:20', 16.00, 2),
(2223, 3, '2024-09-06 17:25:38', '2024-09-06 17:20:01', 26.00, 2),
(2224, 4, '2024-09-06 17:19:19', '2024-09-06 17:27:43', 20.00, 2),
(2225, 5, '2024-09-06 17:20:23', '2024-09-06 17:26:21', 19.00, 2),
(2226, 6, '2024-09-06 17:22:46', '2024-09-06 17:24:07', 24.00, 2),
(2227, 7, '2024-09-06 17:28:08', '2024-09-06 17:29:44', 22.00, 2),
(2228, 8, '2024-09-06 17:15:13', '2024-09-06 17:15:57', 17.00, 2),
(2229, 9, '2024-09-06 17:17:39', '2024-09-06 17:28:46', 23.00, 2),
(2230, 10, '2024-09-06 17:26:02', '2024-09-06 17:21:54', 16.00, 2),
(2231, 11, '2024-09-06 17:19:42', '2024-09-06 17:17:43', 19.00, 2),
(2232, 12, '2024-09-06 17:25:12', '2024-09-06 17:27:06', 23.00, 2),
(2233, 13, '2024-09-06 17:24:53', '2024-09-06 17:25:42', 27.00, 2),
(2234, 14, '2024-09-06 17:22:43', '2024-09-06 17:15:05', 21.00, 2),
(2235, 15, '2024-09-06 17:17:23', '2024-09-06 17:25:39', 18.00, 2),
(2236, 16, '2024-09-06 17:20:24', '2024-09-06 17:20:37', 28.00, 2),
(2237, 17, '2024-09-06 17:16:49', '2024-09-06 17:16:22', 18.00, 2),
(2238, 18, '2024-09-06 17:27:23', '2024-09-06 17:27:29', 29.00, 2),
(2239, 19, '2024-09-06 17:24:18', '2024-09-06 17:24:03', 30.00, 2),
(2240, 20, '2024-09-06 17:26:24', '2024-09-06 17:27:57', 24.00, 2),
(2241, 21, '2024-09-06 17:27:35', '2024-09-06 17:26:24', 17.00, 2),
(2242, 22, '2024-09-06 17:20:40', '2024-09-06 17:23:19', 23.00, 2),
(2243, 23, '2024-09-06 17:17:02', '2024-09-06 17:17:43', 30.00, 2),
(2244, 24, '2024-09-06 17:15:11', '2024-09-06 17:15:27', 22.00, 2),
(2245, 25, '2024-09-06 17:15:13', '2024-09-06 17:23:32', 19.00, 2),
(2246, 26, '2024-09-06 17:18:02', '2024-09-06 17:18:48', 23.00, 2),
(2247, 27, '2024-09-06 17:23:09', '2024-09-06 17:18:14', 24.00, 2),
(2248, 28, '2024-09-06 17:25:47', '2024-09-06 17:29:19', 18.00, 2),
(2249, 29, '2024-09-06 17:20:47', '2024-09-06 17:21:21', 23.00, 2),
(2250, 30, '2024-09-06 17:17:56', '2024-09-06 17:15:51', 20.00, 2);

-- --------------------------------------------------------

--
-- Table structure for table `milking`
--

CREATE TABLE `milking` (
  `id` int(11) NOT NULL,
  `milking_name` varchar(255) NOT NULL
) ENGINE=InnoDB DEFAULT CHARSET=utf8mb3 COLLATE=utf8mb3_turkish_ci;

--
-- Dumping data for table `milking`
--

INSERT INTO `milking` (`id`, `milking_name`) VALUES
(1, '1.Sağım'),
(2, '2.Sağım');

-- --------------------------------------------------------

--
-- Table structure for table `type`
--

CREATE TABLE `type` (
  `id` int(11) NOT NULL,
  `type_name` varchar(255) NOT NULL
) ENGINE=InnoDB DEFAULT CHARSET=utf8mb3 COLLATE=utf8mb3_turkish_ci;

--
-- Dumping data for table `type`
--

INSERT INTO `type` (`id`, `type_name`) VALUES
(1, 'Holstein'),
(2, 'Jersey'),
(3, 'Guernsey'),
(4, 'Ayrshire'),
(5, 'Brown Swiss'),
(6, 'Simmental'),
(7, 'Charolais'),
(8, 'Angus'),
(9, 'Diğer');

--
-- Indexes for dumped tables
--

--
-- Indexes for table `cattle`
--
ALTER TABLE `cattle`
  ADD PRIMARY KEY (`id`),
  ADD UNIQUE KEY `earTagNumber` (`ear_tag_number`),
  ADD UNIQUE KEY `RFIDNumber` (`rfid_number`),
  ADD KEY `fk_cattle_type` (`type_id`),
  ADD KEY `fk_mother_type` (`mother_type_id`),
  ADD KEY `fk_father_type` (`father_type_id`);

--
-- Indexes for table `milk`
--
ALTER TABLE `milk`
  ADD PRIMARY KEY (`id`),
  ADD KEY `cattle_id` (`cattle_id`),
  ADD KEY `idx_milking_id` (`milking_id`);

--
-- Indexes for table `milking`
--
ALTER TABLE `milking`
  ADD PRIMARY KEY (`id`);

--
-- Indexes for table `type`
--
ALTER TABLE `type`
  ADD PRIMARY KEY (`id`);

--
-- AUTO_INCREMENT for dumped tables
--

--
-- AUTO_INCREMENT for table `cattle`
--
ALTER TABLE `cattle`
  MODIFY `id` int(11) NOT NULL AUTO_INCREMENT, AUTO_INCREMENT=48;

--
-- AUTO_INCREMENT for table `milk`
--
ALTER TABLE `milk`
  MODIFY `id` int(11) NOT NULL AUTO_INCREMENT, AUTO_INCREMENT=2251;

--
-- AUTO_INCREMENT for table `type`
--
ALTER TABLE `type`
  MODIFY `id` int(11) NOT NULL AUTO_INCREMENT, AUTO_INCREMENT=10;

--
-- Constraints for dumped tables
--

--
-- Constraints for table `cattle`
--
ALTER TABLE `cattle`
  ADD CONSTRAINT `fk_cattle_type` FOREIGN KEY (`type_id`) REFERENCES `type` (`id`),
  ADD CONSTRAINT `fk_father_type` FOREIGN KEY (`father_type_id`) REFERENCES `type` (`id`),
  ADD CONSTRAINT `fk_mother_type` FOREIGN KEY (`mother_type_id`) REFERENCES `type` (`id`);

--
-- Constraints for table `milk`
--
ALTER TABLE `milk`
  ADD CONSTRAINT `milk_ibfk_1` FOREIGN KEY (`cattle_id`) REFERENCES `cattle` (`id`),
  ADD CONSTRAINT `milk_ibfk_2` FOREIGN KEY (`milking_id`) REFERENCES `milking` (`id`);
COMMIT;

/*!40101 SET CHARACTER_SET_CLIENT=@OLD_CHARACTER_SET_CLIENT */;
/*!40101 SET CHARACTER_SET_RESULTS=@OLD_CHARACTER_SET_RESULTS */;
/*!40101 SET COLLATION_CONNECTION=@OLD_COLLATION_CONNECTION */;
